serial_no,song_name,album,track_number,id,url,acousticness,energy,danceability,instrumentalness,liveness,loudness,speechiness,tempo,valence,popularity
0,Fortnight (feat. Post Malone),THE TORTURED POETS DEPARTMENT: THE ANTHOLOGY,1,6dODwocEuGzHAavXqTbwHv,spotify:track:6dODwocEuGzHAavXqTbwHv,0.502,0.504,0.386,1.53E-05,0.0961,-10.976,0.0308,192.004,0.281,82
1,The Tortured Poets Department,THE TORTURED POETS DEPARTMENT: THE ANTHOLOGY,2,4PdLaGZubp4lghChqp8erB,spotify:track:4PdLaGZubp4lghChqp8erB,0.0483,0.604,0.428,0,0.126,-8.441,0.0255,110.259,0.292,79
2,My Boy Only Breaks His Favorite Toys,THE TORTURED POETS DEPARTMENT: THE ANTHOLOGY,3,7uGYWMwRy24dm7RUDDhUlD,spotify:track:7uGYWMwRy24dm7RUDDhUlD,0.137,0.596,0.563,0,0.302,-7.362,0.0269,97.073,0.481,80
3,Down Bad,THE TORTURED POETS DEPARTMENT: THE ANTHOLOGY,4,1kbEbBdEgQdQeLXCJh28pJ,spotify:track:1kbEbBdEgQdQeLXCJh28pJ,0.56,0.541,0.366,1.00E-06,0.0946,-10.412,0.0748,159.707,0.168,82
4,"So Long, London",THE TORTURED POETS DEPARTMENT: THE ANTHOLOGY,5,7wAkQFShJ27V8362MqevQr,spotify:track:7wAkQFShJ27V8362MqevQr,0.73,0.423,0.533,0.00264,0.0816,-11.388,0.322,160.218,0.248,80
5,But Daddy I Love Him,THE TORTURED POETS DEPARTMENT: THE ANTHOLOGY,6,4QMgEffJQuKtjCNvqfRZ0m,spotify:track:4QMgEffJQuKtjCNvqfRZ0m,0.384,0.521,0.72,0,0.135,-7.684,0.104,79.943,0.438,81
6,Fresh Out The Slammer,THE TORTURED POETS DEPARTMENT: THE ANTHOLOGY,7,7IWcDWOfiooH5hRs9XOVYz,spotify:track:7IWcDWOfiooH5hRs9XOVYz,0.624,0.33,0.483,0,0.111,-9.394,0.0399,87.115,0.34,78
7,Florida!!! (feat. Florence + The Machine),THE TORTURED POETS DEPARTMENT: THE ANTHOLOGY,8,5ExOm0dh4NyRyAdSAO9hyM,spotify:track:5ExOm0dh4NyRyAdSAO9hyM,0.178,0.533,0.573,0,0.309,-7.123,0.138,150.088,0.398,79
8,Guilty as Sin?,THE TORTURED POETS DEPARTMENT: THE ANTHOLOGY,9,799KrpEbhZp0MHeiA8YK9P,spotify:track:799KrpEbhZp0MHeiA8YK9P,0.607,0.626,0.428,0,0.0921,-8.374,0.0261,94.95,0.487,82
9,Who’s Afraid of Little Old Me?,THE TORTURED POETS DEPARTMENT: THE ANTHOLOGY,10,2d8UxVNhJinc8uat9PoM9y,spotify:track:2d8UxVNhJinc8uat9PoM9y,0.315,0.606,0.338,0,0.106,-10.555,0.048,119.88,0.238,81
10,I Can Fix Him (No Really I Can),THE TORTURED POETS DEPARTMENT: THE ANTHOLOGY,11,5chnRTB9qMK3W1M41SnU9s,spotify:track:5chnRTB9qMK3W1M41SnU9s,0.768,0.661,0.257,1.72E-06,0.176,-13.961,0.045,106.896,0.318,77
11,loml,THE TORTURED POETS DEPARTMENT: THE ANTHOLOGY,12,3YkNIrAvbKNrrwwEd7NVLl,spotify:track:3YkNIrAvbKNrrwwEd7NVLl,0.858,0.423,0.272,0,0.108,-12.56,0.0489,78.539,0.195,80
12,I Can Do It With a Broken Heart,THE TORTURED POETS DEPARTMENT: THE ANTHOLOGY,13,2fPvQfGQEZOKtJ9qXeL4x8,spotify:track:2fPvQfGQEZOKtJ9qXeL4x8,0.123,0.701,0.751,0,0.15,-8.39,0.0502,129.994,0.22,82
13,The Smallest Man Who Ever Lived,THE TORTURED POETS DEPARTMENT: THE ANTHOLOGY,14,1xtw1krCR6Dw2KwkXw5z63,spotify:track:1xtw1krCR6Dw2KwkXw5z63,0.52,0.426,0.41,0,0.338,-9.083,0.0581,142.377,0.263,81
14,The Alchemy,THE TORTURED POETS DEPARTMENT: THE ANTHOLOGY,15,1tuNqJOtRQVHvONR8Lg3MZ,spotify:track:1tuNqJOtRQVHvONR8Lg3MZ,0.422,0.64,0.421,0,0.103,-8.802,0.0273,100.056,0.353,78
15,Clara Bow,THE TORTURED POETS DEPARTMENT: THE ANTHOLOGY,16,4d9PtIEVij9jW5OaLinH66,spotify:track:4d9PtIEVij9jW5OaLinH66,0.636,0.686,0.318,0.00144,0.106,-11.046,0.0263,104.088,0.214,76
16,The Black Dog,THE TORTURED POETS DEPARTMENT: THE ANTHOLOGY,17,62E2nR0od0M5HYxuYLaDz7,spotify:track:62E2nR0od0M5HYxuYLaDz7,0.707,0.527,0.27,0,0.102,-10.855,0.038,154.042,0.23,79
17,imgonnagetyouback,THE TORTURED POETS DEPARTMENT: THE ANTHOLOGY,18,1kcwpPDQnqEqmezzXdJTCP,spotify:track:1kcwpPDQnqEqmezzXdJTCP,0.608,0.784,0.391,0,0.252,-9.471,0.0633,110.007,0.15,81
18,The Albatross,THE TORTURED POETS DEPARTMENT: THE ANTHOLOGY,19,4EF6IyONolQy0bIQXm2EmX,spotify:track:4EF6IyONolQy0bIQXm2EmX,0.655,0.352,0.479,0,0.0935,-8.942,0.0583,172.013,0.292,77
19,Chloe or Sam or Sophia or Marcus,THE TORTURED POETS DEPARTMENT: THE ANTHOLOGY,20,1rmEsOezwf2lmIZTMAO5Ag,spotify:track:1rmEsOezwf2lmIZTMAO5Ag,0.78,0.516,0.451,0,0.105,-8.552,0.0446,70.266,0.218,77
20,How Did It End?,THE TORTURED POETS DEPARTMENT: THE ANTHOLOGY,21,5Bedn0svl0ZD7RGmJkmKKw,spotify:track:5Bedn0svl0ZD7RGmJkmKKw,0.785,0.492,0.379,0.00093,0.108,-8.859,0.0257,83.993,0.273,80
21,So High School,THE TORTURED POETS DEPARTMENT: THE ANTHOLOGY,22,7Mts0OfPorF4iwOomvfqn1,spotify:track:7Mts0OfPorF4iwOomvfqn1,0.0274,0.366,0.866,3.07E-06,0.106,-4.514,0.0466,176.07,0.293,82
22,I Hate It Here,THE TORTURED POETS DEPARTMENT: THE ANTHOLOGY,23,3hlGuz3loYoLfI3bpwieWq,spotify:track:3hlGuz3loYoLfI3bpwieWq,0.717,0.485,0.562,0,0.357,-7.197,0.0346,105.953,0.297,78
23,thanK you aIMee,THE TORTURED POETS DEPARTMENT: THE ANTHOLOGY,24,7ogK4lJDVDMU6A6vYR5rvD,spotify:track:7ogK4lJDVDMU6A6vYR5rvD,0.609,0.609,0.541,0,0.122,-8.013,0.0346,95.997,0.252,76
24,I Look in People's Windows,THE TORTURED POETS DEPARTMENT: THE ANTHOLOGY,25,1Zai5UJ2di3qEuR2HeT2s8,spotify:track:1Zai5UJ2di3qEuR2HeT2s8,0.69,0.763,0.274,0,0.164,-11.429,0.0738,90.796,0.385,76
25,The Prophecy,THE TORTURED POETS DEPARTMENT: THE ANTHOLOGY,26,18WFFUIsewmA8g31KAeo3e,spotify:track:18WFFUIsewmA8g31KAeo3e,0.825,0.421,0.525,2.67E-06,0.308,-10.359,0.0472,167.927,0.535,81
26,Cassandra,THE TORTURED POETS DEPARTMENT: THE ANTHOLOGY,27,0g4fMVo4JjwnIpTfFfLdxS,spotify:track:0g4fMVo4JjwnIpTfFfLdxS,0.806,0.587,0.587,0,0.137,-9.879,0.0595,139.963,0.514,76
27,Peter,THE TORTURED POETS DEPARTMENT: THE ANTHOLOGY,28,3zMDGj4D8ogaYgAIZPeU7S,spotify:track:3zMDGj4D8ogaYgAIZPeU7S,0.805,0.342,0.376,0,0.0593,-8.212,0.0372,176.859,0.29,77
28,The Bolter,THE TORTURED POETS DEPARTMENT: THE ANTHOLOGY,29,2913xXOVAIDAqxzV2g4VcU,spotify:track:2913xXOVAIDAqxzV2g4VcU,0.638,0.455,0.586,0,0.131,-7.978,0.0492,183.694,0.481,77
29,Robin,THE TORTURED POETS DEPARTMENT: THE ANTHOLOGY,30,2CnjDMdpRjlWv04Xk3s6MW,spotify:track:2CnjDMdpRjlWv04Xk3s6MW,0.791,0.476,0.386,0.000423,0.1,-10.601,0.03,138.265,0.158,73
30,The Manuscript,THE TORTURED POETS DEPARTMENT: THE ANTHOLOGY,31,1DTRUYVd8rYpla9hhVVwjo,spotify:track:1DTRUYVd8rYpla9hhVVwjo,0.901,0.509,0.256,2.43E-06,0.103,-11.665,0.0306,94.184,0.436,74
47,Welcome To New York (Taylor's Version),1989 (Taylor's Version) [Deluxe],1,4WUepByoeqcedHoYhSNHRt,spotify:track:4WUepByoeqcedHoYhSNHRt,0.00661,0.76,0.602,0.000133,0.325,-4.871,0.0316,116.989,0.685,62
48,Blank Space (Taylor's Version),1989 (Taylor's Version) [Deluxe],2,0108kcWLnn2HlH2kedi1gn,spotify:track:0108kcWLnn2HlH2kedi1gn,0.0901,0.732,0.719,0,0.331,-5.469,0.0645,96.035,0.71,64
49,Style (Taylor's Version),1989 (Taylor's Version) [Deluxe],3,3Vpk1hfMAQme8VJ0SNRSkd,spotify:track:3Vpk1hfMAQme8VJ0SNRSkd,0.000456,0.514,0.821,0.0232,0.0946,-4.803,0.0444,94.884,0.298,65
50,Out Of The Woods (Taylor's Version),1989 (Taylor's Version) [Deluxe],4,1OcSfkeCg9hRC2sFKB4IMJ,spotify:track:1OcSfkeCg9hRC2sFKB4IMJ,0.000466,0.544,0.884,0.000134,0.381,-5.973,0.0383,91.981,0.184,63
51,All You Had To Do Was Stay (Taylor's Version),1989 (Taylor's Version) [Deluxe],5,2k0ZEeAqzvYMcx9Qt5aClQ,spotify:track:2k0ZEeAqzvYMcx9Qt5aClQ,0.000778,0.589,0.713,0,0.188,-5.614,0.0308,97.069,0.54,62
52,Shake It Off (Taylor's Version),1989 (Taylor's Version) [Deluxe],6,50yNTF0Od55qnHLxYsA5Pw,spotify:track:50yNTF0Od55qnHLxYsA5Pw,0.0112,0.632,0.805,2.51E-05,0.156,-5.707,0.069,160.052,0.903,62
53,I Wish You Would (Taylor's Version),1989 (Taylor's Version) [Deluxe],7,3FxJDucHWdw6caWTKO5b23,spotify:track:3FxJDucHWdw6caWTKO5b23,0.00388,0.671,0.853,9.48E-06,0.0812,-6.568,0.0417,118.032,0.523,61
54,Bad Blood (Taylor's Version),1989 (Taylor's Version) [Deluxe],8,7oZONwFiFIErZcXAtTu7FY,spotify:track:7oZONwFiFIErZcXAtTu7FY,0.0369,0.624,0.711,3.13E-06,0.19,-6.347,0.159,169.999,0.347,61
55,Wildest Dreams (Taylor's Version),1989 (Taylor's Version) [Deluxe],9,27exgla7YBw9DUNNcTIpjy,spotify:track:27exgla7YBw9DUNNcTIpjy,0.0348,0.587,0.663,9.95E-05,0.0971,-7.439,0.0598,139.993,0.539,63
56,How You Get The Girl (Taylor's Version),1989 (Taylor's Version) [Deluxe],10,733OhaXQIHY7BKtY3vnSkn,spotify:track:733OhaXQIHY7BKtY3vnSkn,0.00198,0.761,0.67,1.08E-05,0.0873,-5.956,0.0537,120.014,0.519,61
57,This Love (Taylor’s Version),1989 (Taylor's Version) [Deluxe],11,4WBEj8TeGtRPNJdOmT3WJW,spotify:track:4WBEj8TeGtRPNJdOmT3WJW,0.302,0.47,0.494,0,0.0672,-8.672,0.0349,144.039,0.0524,60
58,I Know Places (Taylor's Version),1989 (Taylor's Version) [Deluxe],12,1ULabO0PEsdJekqVH6G10G,spotify:track:1ULabO0PEsdJekqVH6G10G,0.0846,0.572,0.807,0,0.071,-5.348,0.0574,160.015,0.626,61
59,Clean (Taylor's Version),1989 (Taylor's Version) [Deluxe],13,0lKUBmEyQfzsQHozyeXzES,spotify:track:0lKUBmEyQfzsQHozyeXzES,0.297,0.782,0.379,2.98E-05,0.103,-8.964,0.0303,103.99,0.267,62
60,Wonderland (Taylor's Version),1989 (Taylor's Version) [Deluxe],14,6HRsJu8vcnzYDN4t0570FY,spotify:track:6HRsJu8vcnzYDN4t0570FY,0.0105,0.387,0.703,1.10E-05,0.128,-5.956,0.0545,123.18,0.32,61
61,You Are In Love (Taylor's Version),1989 (Taylor's Version) [Deluxe],15,0TyGh27YQ5LknmiDhCzJiT,spotify:track:0TyGh27YQ5LknmiDhCzJiT,0.572,0.554,0.509,2.08E-06,0.113,-9.403,0.0455,85.079,0.401,62
62,New Romantics (Taylor's Version),1989 (Taylor's Version) [Deluxe],16,5M787RexsAiVYjQusM98CV,spotify:track:5M787RexsAiVYjQusM98CV,0.00516,0.653,0.848,4.24E-06,0.0798,-5.936,0.0583,122.017,0.724,63
63,"""Slut!"" (Taylor's Version) (From The Vault)",1989 (Taylor's Version) [Deluxe],17,0CD7DzeCsuPJygddqlUVYa,spotify:track:0CD7DzeCsuPJygddqlUVYa,0.33,0.621,0.415,0.000112,0.0634,-13.187,0.0543,77.978,0.313,64
64,Say Don't Go (Taylor's Version) (From The Vault),1989 (Taylor's Version) [Deluxe],18,3CCRVu4F91Qp2mnGjmWBrf,spotify:track:3CCRVu4F91Qp2mnGjmWBrf,0.0684,0.632,0.539,5.82E-06,0.132,-8.375,0.0342,109.962,0.186,63
65,Now That We Don't Talk (Taylor's Version) (From The Vault),1989 (Taylor's Version) [Deluxe],19,5QUIK7ZtziW8kGWo8RqopF,spotify:track:5QUIK7ZtziW8kGWo8RqopF,0.16,0.8,0.509,3.05E-05,0.0834,-9.386,0.034,109.994,0.0768,65
66,Suburban Legends (Taylor's Version) (From The Vault),1989 (Taylor's Version) [Deluxe],20,6M9ppdfFjR1AbpUl3Y8DcV,spotify:track:6M9ppdfFjR1AbpUl3Y8DcV,0.212,0.695,0.607,0,0.102,-8.84,0.0357,118.043,0.394,61
67,Is It Over Now? (Taylor's Version) (From The Vault),1989 (Taylor's Version) [Deluxe],21,6IG3sQ8s9nfk6TUlVzRhbN,spotify:track:6IG3sQ8s9nfk6TUlVzRhbN,0.0486,0.599,0.651,0,0.126,-7.343,0.035,100.001,0.153,66
68,Bad Blood (feat. Kendrick Lamar) (Taylor's Version),1989 (Taylor's Version) [Deluxe],22,6qAcApH8obo8eqatCKUHd9,spotify:track:6qAcApH8obo8eqatCKUHd9,0.0143,0.604,0.644,0,0.237,-6.931,0.0889,170.088,0.197,74
90,Mine (Taylor's Version),Speak Now (Taylor's Version),1,7G0gBu6nLdhFDPRLc0HdDG,spotify:track:7G0gBu6nLdhFDPRLc0HdDG,0.00314,0.647,0.793,1.93E-06,0.174,-2.903,0.0363,121.101,0.5,74
91,Sparks Fly (Taylor’s Version),Speak Now (Taylor's Version),2,3MytWN8L7shNYzGl4tAKRp,spotify:track:3MytWN8L7shNYzGl4tAKRp,0.0241,0.605,0.769,0,0.0936,-2.413,0.032,114.921,0.366,72
92,Back To December (Taylor's Version),Speak Now (Taylor's Version),3,79uDOz0zuuWS7HWxzMmTa2,spotify:track:79uDOz0zuuWS7HWxzMmTa2,0.00705,0.486,0.635,0,0.119,-3.994,0.0278,141.868,0.235,74
93,Speak Now (Taylor's Version),Speak Now (Taylor's Version),4,5xXqyjLicvEpch72qEryFT,spotify:track:5xXqyjLicvEpch72qEryFT,0.225,0.734,0.686,0,0.136,-2.926,0.0349,119.002,0.598,69
94,Dear John (Taylor's Version),Speak Now (Taylor's Version),5,1zU8j1x3yi9xalMF96pzKp,spotify:track:1zU8j1x3yi9xalMF96pzKp,0.0327,0.379,0.468,0,0.158,-5.07,0.0298,119.447,0.115,69
95,Mean (Taylor's Version),Speak Now (Taylor's Version),6,30Y4CV7A6YqtQtTTo7Ue4j,spotify:track:30Y4CV7A6YqtQtTTo7Ue4j,0.321,0.526,0.7,0,0.213,-3.95,0.0392,163.949,0.596,69
96,The Story Of Us (Taylor's Version),Speak Now (Taylor's Version),7,6dTA6y0C2ReQklntzZl8l3,spotify:track:6dTA6y0C2ReQklntzZl8l3,0.00136,0.516,0.784,0,0.0499,-2.636,0.0563,139.787,0.552,70
97,Never Grow Up (Taylor's Version),Speak Now (Taylor's Version),8,2EFZ9emtKWEglWUQGEQ3P9,spotify:track:2EFZ9emtKWEglWUQGEQ3P9,0.867,0.684,0.339,0,0.194,-7.259,0.029,125.054,0.572,65
98,Enchanted (Taylor's Version),Speak Now (Taylor's Version),9,3sW3oSbzsfecv9XoUdGs7h,spotify:track:3sW3oSbzsfecv9XoUdGs7h,0.016,0.52,0.553,0,0.165,-3.546,0.0269,81.949,0.227,80
99,Better Than Revenge (Taylor's Version),Speak Now (Taylor's Version),10,0NwGC0v03ysCYINtg6ns58,spotify:track:0NwGC0v03ysCYINtg6ns58,0.000795,0.505,0.893,0,0.178,-3.013,0.0771,145.913,0.659,71
100,Innocent (Taylor's Version),Speak Now (Taylor's Version),11,12nBPF4Rh4XLFJV0YLN7uj,spotify:track:12nBPF4Rh4XLFJV0YLN7uj,0.0972,0.524,0.611,0,0.127,-5.298,0.0297,133.583,0.126,63
101,Haunted (Taylor's Version),Speak Now (Taylor's Version),12,4tMzIAFTFdqGBQLdfbPces,spotify:track:4tMzIAFTFdqGBQLdfbPces,0.00552,0.44,0.916,0,0.252,-1.927,0.0629,162.025,0.371,69
102,Last Kiss (Taylor's Version),Speak Now (Taylor's Version),13,59KOoHFcw5XfICnO57holu,spotify:track:59KOoHFcw5XfICnO57holu,0.443,0.557,0.362,3.57E-06,0.1,-8.641,0.0263,79.573,0.187,69
103,Long Live (Taylor's Version),Speak Now (Taylor's Version),14,4hqJ4bSlYJOXb6Z4SRmzxs,spotify:track:4hqJ4bSlYJOXb6Z4SRmzxs,0.0162,0.38,0.628,0,0.227,-4.054,0.038,203.826,0.0984,73
104,Ours (Taylor’s Version),Speak Now (Taylor's Version),15,3yNJkriPzWjkkDAWHIAVUq,spotify:track:3yNJkriPzWjkkDAWHIAVUq,0.42,0.539,0.475,0,0.109,-8.411,0.0287,159.824,0.293,66
105,Superman (Taylor’s Version),Speak Now (Taylor's Version),16,4evLyY5Ue1Wesc61t2KXAU,spotify:track:4evLyY5Ue1Wesc61t2KXAU,0.00207,0.537,0.733,0,0.11,-3.506,0.0302,131.898,0.347,62
106,Electric Touch (feat. Fall Out Boy) (Taylor’s Version) (From The Vault),Speak Now (Taylor's Version),17,4e3ZNTAV6PCrdYMUrUlMpQ,spotify:track:4e3ZNTAV6PCrdYMUrUlMpQ,0.018,0.547,0.854,0,0.156,-4.753,0.0526,131.068,0.26,68
107,When Emma Falls in Love (Taylor’s Version) (From The Vault),Speak Now (Taylor's Version),18,0zo975x58DlXbZllWvfYhg,spotify:track:0zo975x58DlXbZllWvfYhg,0.168,0.524,0.759,0,0.104,-4.714,0.0471,77.879,0.234,66
108,I Can See You (Taylor’s Version) (From The Vault),Speak Now (Taylor's Version),19,5kHMfzgLZP95O9NBy0ku4v,spotify:track:5kHMfzgLZP95O9NBy0ku4v,0.0577,0.695,0.768,0,0.0426,-4.883,0.0344,123.054,0.813,75
109,Castles Crumbling (feat. Hayley Williams) (Taylor’s Version) (From The Vault),Speak Now (Taylor's Version),20,4ABYxlb92WBIjHu7TIKmml,spotify:track:4ABYxlb92WBIjHu7TIKmml,0.342,0.578,0.565,0,0.0662,-8.064,0.0441,147.781,0.351,67
110,Foolish One (Taylor’s Version) (From The Vault),Speak Now (Taylor's Version),21,4s8BIKx4Zh6ryAEz8RTlaU,spotify:track:4s8BIKx4Zh6ryAEz8RTlaU,0.599,0.672,0.613,0,0.112,-4.709,0.0298,97.041,0.557,68
111,Timeless (Taylor’s Version) (From The Vault),Speak Now (Taylor's Version),22,1HCdems7PQZRj42QDWLA0A,spotify:track:1HCdems7PQZRj42QDWLA0A,0.332,0.629,0.578,0,0.0868,-5.806,0.0319,142.887,0.651,69
112,Lavender Haze,Midnights (The Til Dawn Edition),1,24emu3sabKISjRkrys28jq,spotify:track:24emu3sabKISjRkrys28jq,0.23,0.735,0.449,0.00126,0.132,-10.56,0.0883,97.05,0.0955,63
113,Maroon,Midnights (The Til Dawn Edition),2,6qxvy9Pe4RJIq5JBVbbwbS,spotify:track:6qxvy9Pe4RJIq5JBVbbwbS,0.0634,0.655,0.384,1.45E-06,0.0973,-8.29,0.0349,108.058,0.0384,64
114,Anti-Hero,Midnights (The Til Dawn Edition),3,5qIHFdkW6phMsTZlN2g8Lc,spotify:track:5qIHFdkW6phMsTZlN2g8Lc,0.121,0.633,0.648,2.62E-06,0.161,-6.645,0.062,96.888,0.49,63
115,Snow On The Beach (feat. Lana Del Rey),Midnights (The Til Dawn Edition),4,7GA86Uo2jYbj8vIXe2nyWd,spotify:track:7GA86Uo2jYbj8vIXe2nyWd,0.701,0.663,0.321,0.000598,0.107,-13.527,0.0409,110.021,0.153,60
116,"You're On Your Own, Kid",Midnights (The Til Dawn Edition),5,6PQOU00xWNrGwCZzboriXy,spotify:track:6PQOU00xWNrGwCZzboriXy,0.447,0.696,0.39,1.55E-05,0.125,-10.331,0.0616,120.032,0.395,64
117,Midnight Rain,Midnights (The Til Dawn Edition),6,4eKMqf9ZMSclDX7V9Ptg7x,spotify:track:4eKMqf9ZMSclDX7V9Ptg7x,0.71,0.604,0.375,5.87E-05,0.116,-11.637,0.0633,137.651,0.203,63
118,Question...?,Midnights (The Til Dawn Edition),7,7oomkQSYf1ia2VnVEWfFIU,spotify:track:7oomkQSYf1ia2VnVEWfFIU,0.206,0.654,0.51,0,0.249,-8.767,0.242,108.874,0.105,61
119,Vigilante Shit,Midnights (The Til Dawn Edition),8,0GKDhq6ZbmSbRHd3eyGlB7,spotify:track:0GKDhq6ZbmSbRHd3eyGlB7,0.166,0.872,0.267,2.18E-05,0.123,-10.764,0.387,79.964,0.168,62
120,Bejeweled,Midnights (The Til Dawn Edition),9,0VpF6RLdCfPIeYRwMu4tZK,spotify:track:0VpF6RLdCfPIeYRwMu4tZK,0.0593,0.687,0.551,0.000143,0.09,-9.202,0.0787,163.994,0.443,63
121,Labyrinth,Midnights (The Til Dawn Edition),10,4bBDkw2KBMX0tcgAaXC83Q,spotify:track:4bBDkw2KBMX0tcgAaXC83Q,0.797,0.48,0.295,0.333,0.12,-15.512,0.0384,110.018,0.132,61
122,Karma,Midnights (The Til Dawn Edition),11,45R112Jz5hQeKgITXgSXzs,spotify:track:45R112Jz5hQeKgITXgSXzs,0.062,0.64,0.619,0,0.475,-7.108,0.065,90.008,0.121,62
123,Sweet Nothing,Midnights (The Til Dawn Edition),12,2L09RYwH5Pjzca6PmbUAw3,spotify:track:2L09RYwH5Pjzca6PmbUAw3,0.968,0.336,0.161,0.00011,0.115,-14.973,0.0456,176.48,0.407,60
124,Mastermind,Midnights (The Til Dawn Edition),13,1QQii3pa5m8MEda0nbkjfw,spotify:track:1QQii3pa5m8MEda0nbkjfw,0.565,0.66,0.343,0.00134,0.0922,-14.132,0.14,125.96,0.137,61
125,The Great War,Midnights (The Til Dawn Edition),14,2VuqMjgoKaOHNM8HpxtXKx,spotify:track:2VuqMjgoKaOHNM8HpxtXKx,0.199,0.57,0.747,2.32E-05,0.0854,-8.93,0.0342,96.016,0.574,62
126,Bigger Than The Whole Sky,Midnights (The Til Dawn Edition),15,71CBDRKmF2VeRKYMG1DFBh,spotify:track:71CBDRKmF2VeRKYMG1DFBh,0.841,0.42,0.22,0.00131,0.114,-12.584,0.0472,165.564,0.0705,60
127,Paris,Midnights (The Til Dawn Edition),16,5tWxKWq1DSP1s9WQ5PWuqu,spotify:track:5tWxKWq1DSP1s9WQ5PWuqu,0.103,0.703,0.518,2.89E-05,0.148,-10.501,0.085,110.94,0.347,60
128,High Infidelity,Midnights (The Til Dawn Edition),17,1SztNGCwEHJEVFx90E5g7D,spotify:track:1SztNGCwEHJEVFx90E5g7D,0.704,0.571,0.547,0,0.0877,-10.141,0.101,175.933,0.768,59
129,Glitch,Midnights (The Til Dawn Edition),18,7C0w28EsX0Um2FrZs9gso2,spotify:track:7C0w28EsX0Um2FrZs9gso2,0.314,0.677,0.47,0,0.11,-9.65,0.259,140.881,0.347,58
130,"Would've, Could've, Should've",Midnights (The Til Dawn Edition),19,4txojlesMFQZGWxwz2EeqB,spotify:track:4txojlesMFQZGWxwz2EeqB,0.393,0.485,0.846,0.00115,0.124,-6.557,0.117,157.918,0.548,62
131,Dear Reader,Midnights (The Til Dawn Edition),20,10GRRCR5fctuOF4GFmATJI,spotify:track:10GRRCR5fctuOF4GFmATJI,0.464,0.674,0.39,0.00122,0.116,-11.944,0.0483,107.891,0.151,59
132,Hits Different,Midnights (The Til Dawn Edition),21,3xYJScVfxByb61dYHTwiby,spotify:track:3xYJScVfxByb61dYHTwiby,0.134,0.666,0.786,3.34E-06,0.265,-6.556,0.0439,106.02,0.261,72
133,Snow On The Beach (feat. More Lana Del Rey),Midnights (The Til Dawn Edition),22,4zmKGsrXjLmljb5fTaBTot,spotify:track:4zmKGsrXjLmljb5fTaBTot,0.797,0.664,0.399,3.13E-06,0.105,-10.997,0.0349,109.937,0.265,73
134,Karma (feat. Ice Spice),Midnights (The Til Dawn Edition),23,4i6cwNY6oIUU2XZxPIw82Y,spotify:track:4i6cwNY6oIUU2XZxPIw82Y,0.0574,0.615,0.626,0,0.596,-6.548,0.0778,89.984,0.0705,64
168,State Of Grace (Taylor's Version),Red (Taylor's Version),1,6lzc0Al0zfZOIFsFvBS1ki,spotify:track:6lzc0Al0zfZOIFsFvBS1ki,0.000328,0.594,0.713,0,0.114,-5.314,0.0503,129.958,0.328,65
169,Red (Taylor's Version),Red (Taylor's Version),2,4OAuvHryIVv4kMDNSLuPt6,spotify:track:4OAuvHryIVv4kMDNSLuPt6,0.00108,0.516,0.777,1.62E-06,0.0761,-4.908,0.0375,125.047,0.408,73
170,Treacherous (Taylor's Version),Red (Taylor's Version),3,3S7HNKPakdwNEBFIVTL6dZ,spotify:track:3S7HNKPakdwNEBFIVTL6dZ,0.0344,0.645,0.593,0.000127,0.13,-6.506,0.0288,109.984,0.299,65
171,I Knew You Were Trouble (Taylor's Version),Red (Taylor's Version),4,6AtZLIzUINvExIUy4QhdjP,spotify:track:6AtZLIzUINvExIUy4QhdjP,0.0129,0.584,0.557,0,0.0576,-6.371,0.0342,154.008,0.767,76
172,All Too Well (Taylor's Version),Red (Taylor's Version),5,3nsfB1vus2qaloUdcBZvDu,spotify:track:3nsfB1vus2qaloUdcBZvDu,0.0171,0.44,0.528,0.00203,0.234,-7.809,0.0317,185.972,0.132,71
173,22 (Taylor's Version),Red (Taylor's Version),6,3yII7UwgLF6K5zW3xad3MP,spotify:track:3yII7UwgLF6K5zW3xad3MP,0.000443,0.642,0.695,1.02E-05,0.0753,-5.62,0.0281,103.984,0.642,76
174,I Almost Do (Taylor's Version),Red (Taylor's Version),7,2r9CbjYgFhtAmcFv1cSquB,spotify:track:2r9CbjYgFhtAmcFv1cSquB,0.0167,0.511,0.559,0,0.113,-6.587,0.0264,145.88,0.248,64
175,We Are Never Ever Getting Back Together (Taylor's Version),Red (Taylor's Version),8,5YqltLsjdqFtvqE7Nrysvs,spotify:track:5YqltLsjdqFtvqE7Nrysvs,0.0317,0.567,0.686,1.86E-06,0.0732,-6.139,0.175,172.014,0.716,76
176,Stay Stay Stay (Taylor's Version),Red (Taylor's Version),9,7eQj6r5PIdYKEIZjucBMcq,spotify:track:7eQj6r5PIdYKEIZjucBMcq,0.0848,0.693,0.681,0,0.0768,-7.039,0.025,100.02,0.663,64
177,The Last Time (feat. Gary Lightbody of Snow Patrol) (Taylor’s Version),Red (Taylor's Version),10,0y6kdSRCVQhSsHSpWvTUm7,spotify:track:0y6kdSRCVQhSsHSpWvTUm7,0.0399,0.502,0.534,0,0.0977,-5.954,0.0278,94.05,0.155,67
178,Holy Ground (Taylor's Version),Red (Taylor's Version),11,7J4b3LVCIGO4CMBDFLPoP6,spotify:track:7J4b3LVCIGO4CMBDFLPoP6,0.0288,0.622,0.809,0.00218,0.109,-5.623,0.0638,156.894,0.511,64
179,Sad Beautiful Tragic (Taylor's Version),Red (Taylor's Version),12,73qMN9bXy7MSPwwGfH3wQr,spotify:track:73qMN9bXy7MSPwwGfH3wQr,0.622,0.601,0.406,9.19E-05,0.133,-11.827,0.0275,130.059,0.232,65
180,The Lucky One (Taylor's Version),Red (Taylor's Version),13,4e5ayHsOLJNLTGfjau2mEw,spotify:track:4e5ayHsOLJNLTGfjau2mEw,0.066,0.686,0.571,0,0.0608,-7.138,0.05,117.889,0.538,63
181,Everything Has Changed (feat. Ed Sheeran) (Taylor’s Version),Red (Taylor's Version),14,7qEUFOVcxRI19tbT68JcYK,spotify:track:7qEUFOVcxRI19tbT68JcYK,0.271,0.498,0.61,0,0.223,-5.098,0.0363,79.918,0.474,70
182,Starlight (Taylor's Version),Red (Taylor's Version),15,7A2cNLRT0YJc1yjxHlKihs,spotify:track:7A2cNLRT0YJc1yjxHlKihs,0.00324,0.628,0.685,0,0.18,-5.864,0.0358,126.014,0.605,63
183,Begin Again (Taylor's Version),Red (Taylor's Version),16,05GsNucq8Bngd9fnd4fRa0,spotify:track:05GsNucq8Bngd9fnd4fRa0,0.075,0.519,0.527,0,0.132,-7.673,0.0274,78.915,0.267,66
184,The Moment I Knew (Taylor's Version),Red (Taylor's Version),17,0NRHj8hDwwmSPaA41o379r,spotify:track:0NRHj8hDwwmSPaA41o379r,0.0494,0.636,0.402,0,0.107,-7.855,0.031,125.952,0.208,63
185,Come Back...Be Here (Taylor's Version),Red (Taylor's Version),18,4pNApnaUWAL2J4KO2eqokq,spotify:track:4pNApnaUWAL2J4KO2eqokq,0.0158,0.46,0.632,0,0.0822,-6.031,0.0302,79.846,0.399,66
186,Girl At Home (Taylor's Version),Red (Taylor's Version),19,0DMVrlMUn01M0IcpDbwgu7,spotify:track:0DMVrlMUn01M0IcpDbwgu7,0.00955,0.691,0.736,1.88E-05,0.101,-6.974,0.0326,125.089,0.612,61
187,State Of Grace (Acoustic Version) (Taylor's Version),Red (Taylor's Version),20,5jAIouBES8LWMiriuNq170,spotify:track:5jAIouBES8LWMiriuNq170,0.663,0.445,0.131,1.57E-06,0.108,-13.778,0.0564,208.918,0.101,61
188,Ronan (Taylor's Version),Red (Taylor's Version),21,7nWui6jiMM2m9qFmET1Mtj,spotify:track:7nWui6jiMM2m9qFmET1Mtj,0.661,0.623,0.279,0,0.193,-10.802,0.031,116.04,0.38,58
189,Better Man (Taylor's Version) (From The Vault),Red (Taylor's Version),22,4OmFmE0fzcMG6g0Y8p4eSD,spotify:track:4OmFmE0fzcMG6g0Y8p4eSD,0.214,0.473,0.579,0,0.0877,-5.824,0.0384,73.942,0.255,67
190,Nothing New (feat. Phoebe Bridgers) (Taylor’s Version) (From The Vault),Red (Taylor's Version),23,01K4zKU104LyJ8gMb7227B,spotify:track:01K4zKU104LyJ8gMb7227B,0.817,0.606,0.377,0,0.154,-9.455,0.0275,101.96,0.446,70
191,Babe (Taylor's Version) (From The Vault),Red (Taylor's Version),24,0v4z1tuZvn6LGknom9Qx7d,spotify:track:0v4z1tuZvn6LGknom9Qx7d,0.0538,0.584,0.743,2.83E-06,0.121,-7.075,0.0931,167.844,0.746,67
192,Message In A Bottle (Taylor's Version) (From The Vault),Red (Taylor's Version),25,3z6XUommYDWPHeFhmhhT6j,spotify:track:3z6XUommYDWPHeFhmhhT6j,0.00188,0.622,0.791,3.72E-06,0.083,-6.106,0.0535,115.915,0.494,70
193,I Bet You Think About Me (feat. Chris Stapleton) (Taylor’s Version) (From The Vault),Red (Taylor's Version),26,4CkgMiMqZ5JzW9iYXSTMTL,spotify:track:4CkgMiMqZ5JzW9iYXSTMTL,0.167,0.391,0.715,0,0.183,-4.516,0.0495,149.654,0.473,70
194,Forever Winter (Taylor's Version) (From The Vault),Red (Taylor's Version),27,3oGVx9RBmiYGv5ZCecWLkx,spotify:track:3oGVx9RBmiYGv5ZCecWLkx,0.256,0.611,0.552,0,0.134,-5.828,0.031,116.012,0.41,63
195,Run (feat. Ed Sheeran) (Taylor’s Version) (From The Vault),Red (Taylor's Version),28,4IQkfUsrwXol38VV3U7t7T,spotify:track:4IQkfUsrwXol38VV3U7t7T,0.817,0.61,0.488,0,0.312,-6.918,0.0293,125.039,0.443,64
196,The Very First Night (Taylor's Version) (From The Vault),Red (Taylor's Version),29,6pYNq0ZwpPVazKzsqpf0G8,spotify:track:6pYNq0ZwpPVazKzsqpf0G8,0.00115,0.678,0.733,0,0.104,-5.025,0.0281,121.009,0.581,69
197,All Too Well (10 Minute Version) (Taylor's Version) (From The Vault),Red (Taylor's Version),30,5enxwA8aAbwZbf5qCHORXi,spotify:track:5enxwA8aAbwZbf5qCHORXi,0.274,0.631,0.518,0,0.088,-8.771,0.0303,93.023,0.205,80
198,Fearless (Taylor’s Version),Fearless (Taylor's Version),1,77sMIMlNaSURUAXq5coCxE,spotify:track:77sMIMlNaSURUAXq5coCxE,0.0122,0.569,0.741,0,0.333,-4.963,0.0282,100.118,0.43,78
199,Fifteen (Taylor’s Version),Fearless (Taylor's Version),2,2nqio0SfWg6gh2eCtfuMa5,spotify:track:2nqio0SfWg6gh2eCtfuMa5,0.116,0.559,0.646,0,0.32,-4.61,0.0272,95.466,0.289,66
200,Love Story (Taylor’s Version),Fearless (Taylor's Version),3,6YvqWjhGD8mB5QXcbcUKtx,spotify:track:6YvqWjhGD8mB5QXcbcUKtx,0.13,0.627,0.792,3.97E-06,0.0845,-4.311,0.031,119.054,0.415,78
201,Hey Stephen (Taylor’s Version),Fearless (Taylor's Version),4,550erGcdD9n6PnwxrvYqZT,spotify:track:550erGcdD9n6PnwxrvYqZT,0.106,0.788,0.571,0,0.0934,-6.135,0.0296,115.99,0.797,65
202,White Horse (Taylor’s Version),Fearless (Taylor's Version),5,5YL553x8sHderRBDlm3NM3,spotify:track:5YL553x8sHderRBDlm3NM3,0.369,0.423,0.517,0,0.177,-7.377,0.0486,185.262,0.366,67
203,You Belong With Me (Taylor’s Version),Fearless (Taylor's Version),6,1qrpoAMXodY6895hGKoUpA,spotify:track:1qrpoAMXodY6895hGKoUpA,0.0623,0.632,0.773,0,0.0885,-4.856,0.0346,130.033,0.474,81
204,Breathe (feat. Colbie Caillat) (Taylor’s Version),Fearless (Taylor's Version),7,7HC7R2D8WjXVcUHJyEGjRs,spotify:track:7HC7R2D8WjXVcUHJyEGjRs,0.156,0.506,0.626,0,0.228,-6.066,0.0287,148.035,0.321,63
205,Tell Me Why (Taylor’s Version),Fearless (Taylor's Version),8,0k0vFacOHNuArLWMiH60p7,spotify:track:0k0vFacOHNuArLWMiH60p7,0.0222,0.578,0.909,0,0.333,-3.669,0.0628,100.023,0.541,62
206,You’re Not Sorry (Taylor’s Version),Fearless (Taylor's Version),9,6iiAfo4wTA2CVC3Uwx9uh8,spotify:track:6iiAfo4wTA2CVC3Uwx9uh8,0.0538,0.506,0.444,0,0.123,-4.99,0.0285,133.873,0.241,64
207,The Way I Loved You (Taylor’s Version),Fearless (Taylor's Version),10,22bPsP2jCgbLUvh82U0Z3M,spotify:track:22bPsP2jCgbLUvh82U0Z3M,0.0033,0.402,0.732,0,0.108,-4.665,0.0484,161.032,0.472,76
208,Forever & Always (Taylor’s Version),Fearless (Taylor's Version),11,1msEuwSBneBKpVCZQcFTsU,spotify:track:1msEuwSBneBKpVCZQcFTsU,0.0231,0.598,0.821,0,0.143,-4.433,0.0447,128.03,0.673,67
209,The Best Day (Taylor’s Version),Fearless (Taylor's Version),12,6ON9UuIq49xXY9GPmHIYRp,spotify:track:6ON9UuIq49xXY9GPmHIYRp,0.488,0.642,0.576,0,0.159,-8.524,0.0282,125,0.469,61
210,Change (Taylor’s Version),Fearless (Taylor's Version),13,3ExweHKZF9B752DPQByRVT,spotify:track:3ExweHKZF9B752DPQByRVT,0.000191,0.499,0.815,0,0.181,-4.063,0.0341,95.999,0.344,60
211,Jump Then Fall (Taylor’s Version),Fearless (Taylor's Version),14,2m3ObD945KvpE5y9A1eUWm,spotify:track:2m3ObD945KvpE5y9A1eUWm,0.0474,0.572,0.69,0,0.0897,-6.201,0.0358,160.111,0.624,62
212,Untouchable (Taylor’s Version),Fearless (Taylor's Version),15,0tQ9vBYpldCuikPsbgOVKA,spotify:track:0tQ9vBYpldCuikPsbgOVKA,0.0181,0.393,0.531,0,0.169,-6.112,0.0329,200.391,0.224,63
213,Forever & Always (Piano Version) (Taylor’s Version),Fearless (Taylor's Version),16,01QdEx6kFr78ZejhQtWR5m,spotify:track:01QdEx6kFr78ZejhQtWR5m,0.819,0.546,0.273,0,0.137,-9.208,0.0308,118.753,0.271,61
214,Come In With The Rain (Taylor’s Version),Fearless (Taylor's Version),17,1n2wszmJyVkw6FHqyLnQsY,spotify:track:1n2wszmJyVkw6FHqyLnQsY,0.0406,0.476,0.564,0,0.102,-5.677,0.0269,143.929,0.167,59
215,Superstar (Taylor’s Version),Fearless (Taylor's Version),18,51A8eKvvZz9uydvIZ7xRSV,spotify:track:51A8eKvvZz9uydvIZ7xRSV,0.157,0.454,0.555,0,0.343,-6.69,0.0283,171.862,0.171,59
216,The Other Side Of The Door (Taylor’s Version),Fearless (Taylor's Version),19,1cSFlSBdpT4F5vb1frQ231,spotify:track:1cSFlSBdpT4F5vb1frQ231,0.0279,0.432,0.873,0,0.167,-4.367,0.0577,163.936,0.629,64
217,Today Was A Fairytale (Taylor’s Version),Fearless (Taylor's Version),20,2JoJrsEV15OzbijS47lids,spotify:track:2JoJrsEV15OzbijS47lids,0.0135,0.482,0.779,0,0.296,-5.025,0.0409,158.162,0.328,62
218,You All Over Me (feat. Maren Morris) (Taylor’s Version) (From The Vault),Fearless (Taylor's Version),21,4CHpVfAhuxNJ3ibExe6kxO,spotify:track:4CHpVfAhuxNJ3ibExe6kxO,0.816,0.599,0.494,0,0.101,-7.61,0.0372,142.893,0.44,59
219,Mr. Perfectly Fine (Taylor’s Version) (From The Vault),Fearless (Taylor's Version),22,2CYVETnhM9aytqrazYYwrK,spotify:track:2CYVETnhM9aytqrazYYwrK,0.162,0.66,0.817,0,0.0667,-6.269,0.0521,135.942,0.714,70
220,We Were Happy (Taylor’s Version) (From The Vault),Fearless (Taylor's Version),23,34V9RiEPe8MNdU32qJsJa1,spotify:track:34V9RiEPe8MNdU32qJsJa1,0.849,0.609,0.373,0,0.0779,-8.819,0.0263,106.007,0.13,62
221,That’s When (feat. Keith Urban) (Taylor’s Version) (From The Vault),Fearless (Taylor's Version),24,7eResoqEJJAVTkQYSqvO3P,spotify:track:7eResoqEJJAVTkQYSqvO3P,0.225,0.588,0.608,0,0.092,-7.062,0.0365,90.201,0.508,64
222,Don’t You (Taylor’s Version) (From The Vault),Fearless (Taylor's Version),25,4uuEGH5SVuzkkSFjo2DEiY,spotify:track:4uuEGH5SVuzkkSFjo2DEiY,0.514,0.563,0.473,1.20E-05,0.109,-11.548,0.0503,101.934,0.405,63
223,Bye Bye Baby (Taylor’s Version) (From The Vault),Fearless (Taylor's Version),26,4qUijfYU8EoIWiY6oSyrgT,spotify:track:4qUijfYU8EoIWiY6oSyrgT,0.334,0.624,0.624,0,0.0995,-7.86,0.0539,80.132,0.527,61
224,willow,evermore (deluxe version),1,2gVhfX2Gy1T9kDuS9azrF7,spotify:track:2gVhfX2Gy1T9kDuS9azrF7,0.833,0.392,0.574,0.00179,0.145,-9.195,0.17,81.112,0.529,66
225,champagne problems,evermore (deluxe version),2,1gcyHQpBQ1lfXGdhZmWrHP,spotify:track:1gcyHQpBQ1lfXGdhZmWrHP,0.92,0.462,0.24,0,0.113,-12.077,0.0377,171.319,0.32,67
226,gold rush,evermore (deluxe version),3,3Dby3p1m6IOZn2gIIqECgK,spotify:track:3Dby3p1m6IOZn2gIIqECgK,0.83,0.512,0.462,0.166,0.121,-10.491,0.0408,112.05,0.353,64
227,‘tis the damn season,evermore (deluxe version),4,6sQckd3Z8NPxVVKUnavY1F,spotify:track:6sQckd3Z8NPxVVKUnavY1F,0.735,0.575,0.434,6.59E-05,0.105,-8.193,0.0312,145.916,0.348,64
228,tolerate it,evermore (deluxe version),5,6lCvK2AR2uOKkVFCVlAzzm,spotify:track:6lCvK2AR2uOKkVFCVlAzzm,0.878,0.316,0.361,2.67E-05,0.0797,-10.381,0.0488,74.952,0.221,66
229,"no body, no crime (feat. HAIM)",evermore (deluxe version),6,6uwfVkaOM1mcMkFmSn35ix,spotify:track:6uwfVkaOM1mcMkFmSn35ix,0.418,0.546,0.613,0,0.103,-7.589,0.0264,79.015,0.535,64
230,happiness,evermore (deluxe version),7,55Vf4bimc1Rtfg0PAQRAo2,spotify:track:55Vf4bimc1Rtfg0PAQRAo2,0.87,0.559,0.334,0,0.114,-10.733,0.0376,122.079,0.211,62
231,dorothea,evermore (deluxe version),8,66tOfHVH3aUrscg8vExRV4,spotify:track:66tOfHVH3aUrscg8vExRV4,0.696,0.605,0.488,0,0.129,-8.322,0.0264,119.966,0.354,61
232,coney island (feat. The National),evermore (deluxe version),9,2awNGIJHodfLZSClB3PYhz,spotify:track:2awNGIJHodfLZSClB3PYhz,0.819,0.537,0.537,0.000904,0.142,-11.266,0.0617,107.895,0.292,63
233,ivy,evermore (deluxe version),10,43Ykum9T72UOPhBN31grpN,spotify:track:43Ykum9T72UOPhBN31grpN,0.855,0.515,0.545,1.97E-05,0.0921,-9.277,0.0353,88.856,0.535,63
234,cowboy like me,evermore (deluxe version),11,52OkpDsU6MmPx1AwGOb6Ap,spotify:track:52OkpDsU6MmPx1AwGOb6Ap,0.768,0.604,0.517,0.000155,0.123,-9.014,0.0347,127.967,0.511,63
235,long story short,evermore (deluxe version),12,5VYWxXUpxuxEmCqMLDqICo,spotify:track:5VYWxXUpxuxEmCqMLDqICo,0.66,0.546,0.73,0.179,0.0972,-7.704,0.0417,157.895,0.573,62
236,marjorie,evermore (deluxe version),13,5uICWmZTLkpEVbK22PBP6e,spotify:track:5uICWmZTLkpEVbK22PBP6e,0.876,0.535,0.561,0.000136,0.115,-11.609,0.0484,96.103,0.287,63
237,closure,evermore (deluxe version),14,6a8aUhYbaQBUI8PcJ5ZmQ6,spotify:track:6a8aUhYbaQBUI8PcJ5ZmQ6,0.835,0.689,0.704,4.83E-06,0.134,-10.813,0.245,151.884,0.92,60
238,evermore (feat. Bon Iver),evermore (deluxe version),15,6Wlq9rqkxrqj5Kls4Kw14H,spotify:track:6Wlq9rqkxrqj5Kls4Kw14H,0.937,0.39,0.27,0.00227,0.111,-10.673,0.0308,125.177,0.32,64
239,right where you left me - bonus track,evermore (deluxe version),16,3zwMVvkBe2qIKDObWgXw4N,spotify:track:3zwMVvkBe2qIKDObWgXw4N,0.769,0.581,0.619,0.000106,0.117,-6.524,0.0282,137.915,0.645,74
240,it’s time to go - bonus track,evermore (deluxe version),17,1kdWw77ZpYOkhxeuhzU1j6,spotify:track:1kdWw77ZpYOkhxeuhzU1j6,0.801,0.592,0.41,1.39E-05,0.09,-12.426,0.0397,151.923,0.416,66
256,the 1,folklore: the long pond studio sessions (from the Disney+ special) [deluxe edition],1,0P9wLFurlgumLXuqFEpw52,spotify:track:0P9wLFurlgumLXuqFEpw52,0.75,0.78,0.361,7.14E-06,0.108,-6.942,0.048,139.902,0.163,48
257,cardigan,folklore: the long pond studio sessions (from the Disney+ special) [deluxe edition],2,7zcnlq38eqNWyUF6eNaB5Z,spotify:track:7zcnlq38eqNWyUF6eNaB5Z,0.525,0.612,0.58,0.000414,0.26,-8.572,0.0419,130.045,0.534,49
258,the last great american dynasty,folklore: the long pond studio sessions (from the Disney+ special) [deluxe edition],3,4ojxSyrEraN7d46BMBPThZ,spotify:track:4ojxSyrEraN7d46BMBPThZ,0.481,0.688,0.653,0.00414,0.106,-8.558,0.0403,147.991,0.701,47
259,exile (feat. Bon Iver),folklore: the long pond studio sessions (from the Disney+ special) [deluxe edition],4,6kz2hkq1xQvDqPcUyBkw8f,spotify:track:6kz2hkq1xQvDqPcUyBkw8f,0.761,0.31,0.374,2.46E-05,0.11,-8.464,0.0275,75.938,0.16,48
260,my tears ricochet,folklore: the long pond studio sessions (from the Disney+ special) [deluxe edition],5,0Oju1YcbPCJuUQQWoZNdJK,spotify:track:0Oju1YcbPCJuUQQWoZNdJK,0.814,0.456,0.265,0,0.0679,-10.663,0.0328,129.947,0.112,48
261,mirrorball,folklore: the long pond studio sessions (from the Disney+ special) [deluxe edition],6,5jQyGzcwqAxwT5QUIMivoX,spotify:track:5jQyGzcwqAxwT5QUIMivoX,0.686,0.549,0.417,1.90E-06,0.0604,-10.064,0.035,110.137,0.347,46
262,seven,folklore: the long pond studio sessions (from the Disney+ special) [deluxe edition],7,2vJ7QvyCiR4DaHxwO58izA,spotify:track:2vJ7QvyCiR4DaHxwO58izA,0.888,0.602,0.494,2.59E-05,0.0902,-10.813,0.0277,94.955,0.374,45
263,august,folklore: the long pond studio sessions (from the Disney+ special) [deluxe edition],8,1UHoF9p75IVsvUt6WdTYhn,spotify:track:1UHoF9p75IVsvUt6WdTYhn,0.553,0.387,0.634,6.93E-05,0.0931,-9.222,0.0363,89.567,0.42,48
264,this is me trying,folklore: the long pond studio sessions (from the Disney+ special) [deluxe edition],9,5DnDBYrfGoxdnomqEAkFIv,spotify:track:5DnDBYrfGoxdnomqEAkFIv,0.312,0.511,0.478,2.30E-05,0.147,-9.837,0.0322,135.882,0.408,47
265,illicit affairs,folklore: the long pond studio sessions (from the Disney+ special) [deluxe edition],10,7CVTowKpGPA2MsIbkTl2oc,spotify:track:7CVTowKpGPA2MsIbkTl2oc,0.862,0.529,0.304,0,0.108,-10.567,0.0356,119.58,0.44,46
266,invisible string,folklore: the long pond studio sessions (from the Disney+ special) [deluxe edition],11,4WHIqhrbdva5vQSrCuet3l,spotify:track:4WHIqhrbdva5vQSrCuet3l,0.859,0.651,0.459,6.63E-05,0.105,-11.128,0.0507,83.455,0.454,46
267,mad woman,folklore: the long pond studio sessions (from the Disney+ special) [deluxe edition],12,7klXN6RCN5Rj0VeYO5gBzU,spotify:track:7klXN6RCN5Rj0VeYO5gBzU,0.67,0.593,0.7,6.77E-06,0.116,-9.016,0.0492,141.898,0.451,44
268,epiphany,folklore: the long pond studio sessions (from the Disney+ special) [deluxe edition],13,5MFjHn1qfR9AsWuyzJLk1z,spotify:track:5MFjHn1qfR9AsWuyzJLk1z,0.727,0.317,0.254,0.000326,0.0867,-13.679,0.0286,93.933,0.103,43
269,betty,folklore: the long pond studio sessions (from the Disney+ special) [deluxe edition],14,2jhfs6moEAK13eLM6xim4l,spotify:track:2jhfs6moEAK13eLM6xim4l,0.589,0.595,0.376,0,0.0989,-8.767,0.0256,95.946,0.476,45
270,peace,folklore: the long pond studio sessions (from the Disney+ special) [deluxe edition],15,0O9i6jhscByEJs1ipy5hu4,spotify:track:0O9i6jhscByEJs1ipy5hu4,0.916,0.644,0.284,1.50E-05,0.0909,-12.879,0.0821,150.072,0.328,43
271,hoax,folklore: the long pond studio sessions (from the Disney+ special) [deluxe edition],16,4XCYmu7QLySdIahgBALKJK,spotify:track:4XCYmu7QLySdIahgBALKJK,0.964,0.676,0.178,7.90E-06,0.135,-15.01,0.0394,118.84,0.404,43
272,the lakes - bonus track,folklore: the long pond studio sessions (from the Disney+ special) [deluxe edition],17,0zEprKYeuGOIZoHyu6O1E2,spotify:track:0zEprKYeuGOIZoHyu6O1E2,0.842,0.313,0.258,1.30E-06,0.0948,-11.532,0.0383,179.947,0.268,45
273,the 1 - the long pond studio sessions,folklore: the long pond studio sessions (from the Disney+ special) [deluxe edition],1,08J4bMHbILkwSIhbtrcvjN,spotify:track:08J4bMHbILkwSIhbtrcvjN,0.898,0.708,0.25,0.026,0.102,-10.731,0.0361,139.803,0.156,54
274,cardigan - the long pond studio sessions,folklore: the long pond studio sessions (from the Disney+ special) [deluxe edition],2,3EPgWM1zfTSzEc0z4AwWTM,spotify:track:3EPgWM1zfTSzEc0z4AwWTM,0.88,0.395,0.234,0,0.107,-9.704,0.0382,86.478,0.247,54
275,the last great american dynasty - the long pond studio sessions,folklore: the long pond studio sessions (from the Disney+ special) [deluxe edition],3,28tIMaewZuGR8urkvFhQyA,spotify:track:28tIMaewZuGR8urkvFhQyA,0.743,0.64,0.618,0.004,0.0574,-11.715,0.0379,147.948,0.614,51
276,exile (feat. Bon Iver) - the long pond studio sessions,folklore: the long pond studio sessions (from the Disney+ special) [deluxe edition],4,7N015NTIWGjQDddHUdHPoO,spotify:track:7N015NTIWGjQDddHUdHPoO,0.848,0.359,0.305,6.74E-05,0.111,-10.295,0.0306,151.956,0.108,53
277,my tears ricochet - the long pond studio sessions,folklore: the long pond studio sessions (from the Disney+ special) [deluxe edition],5,5mdNyCS7ttVcAyVYOIFEjs,spotify:track:5mdNyCS7ttVcAyVYOIFEjs,0.946,0.531,0.172,1.01E-05,0.0615,-12.34,0.0351,129.007,0.168,55
278,mirrorball - the long pond studio sessions,folklore: the long pond studio sessions (from the Disney+ special) [deluxe edition],6,2yceD2hx5HhOLgkm1CITCi,spotify:track:2yceD2hx5HhOLgkm1CITCi,0.78,0.509,0.386,3.45E-05,0.118,-8.434,0.0272,109.993,0.109,53
279,seven - the long pond studio sessions,folklore: the long pond studio sessions (from the Disney+ special) [deluxe edition],7,4cOWq0cVsKjxaQpRMbDoH1,spotify:track:4cOWq0cVsKjxaQpRMbDoH1,0.914,0.694,0.449,0.000126,0.1,-11.49,0.0301,94.963,0.363,51
280,august - the long pond studio sessions,folklore: the long pond studio sessions (from the Disney+ special) [deluxe edition],8,4MGexoZc12lqE0hYkq9YYx,spotify:track:4MGexoZc12lqE0hYkq9YYx,0.5,0.554,0.663,4.77E-05,0.791,-8.961,0.0324,89.977,0.545,54
281,this is me trying - the long pond studio sessions,folklore: the long pond studio sessions (from the Disney+ special) [deluxe edition],9,1gaLZjPrDnHQWJds2Jg4KT,spotify:track:1gaLZjPrDnHQWJds2Jg4KT,0.928,0.435,0.332,0.000898,0.0867,-11.611,0.031,68.097,0.157,54
282,illicit affairs - the long pond studio sessions,folklore: the long pond studio sessions (from the Disney+ special) [deluxe edition],10,560uQyz3p5G9WdnMX39xc6,spotify:track:560uQyz3p5G9WdnMX39xc6,0.883,0.489,0.235,0,0.113,-10.274,0.0356,117.699,0.435,53
283,invisible string - the long pond studio sessions,folklore: the long pond studio sessions (from the Disney+ special) [deluxe edition],11,5KByGq0JijSSDcy0qzuINs,spotify:track:5KByGq0JijSSDcy0qzuINs,0.942,0.59,0.282,4.85E-06,0.11,-10.542,0.0281,83.438,0.351,51
284,mad woman - the long pond studio sessions,folklore: the long pond studio sessions (from the Disney+ special) [deluxe edition],12,04xrhDrQ2WOW8GLwu7kbc0,spotify:track:04xrhDrQ2WOW8GLwu7kbc0,0.887,0.663,0.465,0.000168,0.109,-10.463,0.0408,141.834,0.346,50
285,epiphany - the long pond studio sessions,folklore: the long pond studio sessions (from the Disney+ special) [deluxe edition],13,4yyKppX85ZkmlGOC2toBZA,spotify:track:4yyKppX85ZkmlGOC2toBZA,0.916,0.524,0.2,0.000392,0.068,-13.004,0.0274,93.87,0.113,49
286,betty - the long pond studio sessions,folklore: the long pond studio sessions (from the Disney+ special) [deluxe edition],14,1mh5dObNoOvCfHmXnhvDEK,spotify:track:1mh5dObNoOvCfHmXnhvDEK,0.841,0.538,0.316,0,0.119,-9.5,0.0299,95.68,0.518,51
287,peace - the long pond studio sessions,folklore: the long pond studio sessions (from the Disney+ special) [deluxe edition],15,4YHHz3VIXgNDGdoL9xC1tx,spotify:track:4YHHz3VIXgNDGdoL9xC1tx,0.93,0.619,0.344,7.61E-05,0.0734,-11.472,0.0647,149.897,0.513,50
288,hoax - the long pond studio sessions,folklore: the long pond studio sessions (from the Disney+ special) [deluxe edition],16,0QTBsdoJhamY3Aid3fOsOd,spotify:track:0QTBsdoJhamY3Aid3fOsOd,0.962,0.682,0.155,0,0.18,-13.083,0.0394,118.832,0.483,51
289,the lakes - the long pond studio sessions,folklore: the long pond studio sessions (from the Disney+ special) [deluxe edition],17,6mqyTq948oap5AkyTsd6XF,spotify:track:6mqyTq948oap5AkyTsd6XF,0.794,0.606,0.221,0,0.0888,-11.767,0.0468,89.844,0.112,53
323,I Forgot That You Existed,Lover,1,43rA71bccXFGD4C8GOpIlN,spotify:track:43rA71bccXFGD4C8GOpIlN,0.298,0.664,0.316,2.03E-06,0.0812,-10.345,0.519,92.875,0.541,71
324,Cruel Summer,Lover,2,1BxfuPKGuaTgP7aM0Bbdwr,spotify:track:1BxfuPKGuaTgP7aM0Bbdwr,0.117,0.552,0.702,2.06E-05,0.105,-5.707,0.157,169.994,0.564,93
325,Lover,Lover,3,1dGr1c8CrMLDpV6mPbImSI,spotify:track:1dGr1c8CrMLDpV6mPbImSI,0.492,0.359,0.543,1.58E-05,0.118,-7.582,0.0919,68.534,0.453,86
326,The Man,Lover,4,3RauEVgRgj1IuWdJ9fDs70,spotify:track:3RauEVgRgj1IuWdJ9fDs70,0.0767,0.777,0.658,0,0.0901,-5.191,0.054,110.048,0.633,81
327,The Archer,Lover,5,3pHkh7d0lzM2AldUtz2x37,spotify:track:3pHkh7d0lzM2AldUtz2x37,0.12,0.292,0.574,0.00569,0.0663,-9.375,0.0401,124.344,0.166,75
328,I Think He Knows,Lover,6,2YWtcWi3a83pdEg3Gif4Pd,spotify:track:2YWtcWi3a83pdEg3Gif4Pd,0.00889,0.897,0.366,0.000353,0.0715,-8.029,0.0569,100.003,0.416,72
329,Miss Americana & The Heartbreak Prince,Lover,7,214nt20w5wOxJnY462klLw,spotify:track:214nt20w5wOxJnY462klLw,0.028,0.662,0.747,0.00615,0.138,-6.926,0.0736,150.088,0.487,79
330,Paper Rings,Lover,8,4y5bvROuBDPr5fuwXbIBZR,spotify:track:4y5bvROuBDPr5fuwXbIBZR,0.0129,0.811,0.719,1.36E-05,0.0742,-6.553,0.0497,103.979,0.865,78
331,Cornelia Street,Lover,9,12M5uqx0ZuwkpLp5rJim1a,spotify:track:12M5uqx0ZuwkpLp5rJim1a,0.781,0.824,0.624,0.000189,0.1,-9.728,0.0827,102.012,0.248,74
332,Death By A Thousand Cuts,Lover,10,2dgFqt3w9xIQRjhPtwNk3D,spotify:track:2dgFqt3w9xIQRjhPtwNk3D,0.454,0.712,0.732,0,0.319,-6.754,0.0629,94.071,0.313,72
333,London Boy,Lover,11,1LLXZFeAHK9R4xUramtUKw,spotify:track:1LLXZFeAHK9R4xUramtUKw,0.0246,0.695,0.71,0.000104,0.133,-6.639,0.05,157.925,0.557,74
334,Soon You’ll Get Better (feat. The Chicks),Lover,12,4AYtqFyFbX0Xkc2wtcygTr,spotify:track:4AYtqFyFbX0Xkc2wtcygTr,0.907,0.433,0.182,0,0.123,-12.566,0.0641,207.476,0.421,66
335,False God,Lover,13,5hQSXkFgbxjZo9uCwd11so,spotify:track:5hQSXkFgbxjZo9uCwd11so,0.736,0.739,0.32,0.000147,0.111,-10.862,0.239,79.97,0.351,73
336,You Need To Calm Down,Lover,14,6RRNNciQGZEXnqk8SQ9yv5,spotify:track:6RRNNciQGZEXnqk8SQ9yv5,0.00929,0.771,0.671,0,0.0637,-5.617,0.0553,85.026,0.714,80
337,Afterglow,Lover,15,1SymEzIT3H8UZfibCs3TYi,spotify:track:1SymEzIT3H8UZfibCs3TYi,0.13,0.756,0.449,0,0.114,-8.746,0.0344,111.011,0.399,74
338,ME! (feat. Brendon Urie of Panic! At The Disco),Lover,16,2Rk4JlNc2TPmZe2af99d45,spotify:track:2Rk4JlNc2TPmZe2af99d45,0.033,0.61,0.83,0,0.118,-4.105,0.0571,182.162,0.728,75
339,It’s Nice To Have A Friend,Lover,17,1SmiQ65iSAbPto6gPFlBYm,spotify:track:1SmiQ65iSAbPto6gPFlBYm,0.971,0.737,0.175,0.000337,0.171,-9.912,0.0401,70.008,0.545,66
340,Daylight,Lover,18,1fzAuUVbzlhZ1lJAx9PtY6,spotify:track:1fzAuUVbzlhZ1lJAx9PtY6,0.808,0.557,0.496,0.000173,0.0772,-9.602,0.0563,149.983,0.265,78
341,...Ready For It?,reputation,1,2yLa0QULdQr0qAIvVwN6B5,spotify:track:2yLa0QULdQr0qAIvVwN6B5,0.0527,0.613,0.764,0,0.197,-6.509,0.136,160.015,0.417,82
342,End Game,reputation,2,2x0WlnmfG39ZuDmstl9xfX,spotify:track:2x0WlnmfG39ZuDmstl9xfX,0.00845,0.649,0.589,0,0.108,-6.237,0.0558,159.073,0.151,74
343,I Did Something Bad,reputation,3,4svZDCRz4cJoneBpjpx8DJ,spotify:track:4svZDCRz4cJoneBpjpx8DJ,0.0679,0.696,0.602,2.11E-05,0.0696,-6.156,0.159,82.989,0.305,75
344,Don’t Blame Me,reputation,4,1R0a2iXumgCiFb7HEZ7gUE,spotify:track:1R0a2iXumgCiFb7HEZ7gUE,0.106,0.615,0.534,1.76E-05,0.0607,-6.719,0.0386,135.917,0.193,85
345,Delicate,reputation,5,6NFyWDv5CjfwuzoCkw47Xf,spotify:track:6NFyWDv5CjfwuzoCkw47Xf,0.216,0.75,0.404,0.000357,0.0911,-10.178,0.0682,95.045,0.0499,81
346,Look What You Made Me Do,reputation,6,1P17dC1amhFzptugyAO7Il,spotify:track:1P17dC1amhFzptugyAO7Il,0.204,0.766,0.709,1.41E-05,0.126,-6.471,0.123,128.07,0.506,81
347,So It Goes...,reputation,7,5PxFv9yJEg9dxvbZggykro,spotify:track:5PxFv9yJEg9dxvbZggykro,0.122,0.574,0.61,1.10E-06,0.13,-7.283,0.0732,74.957,0.374,69
348,Gorgeous,reputation,8,1ZY1PqizIl78geGM4xWlEA,spotify:track:1ZY1PqizIl78geGM4xWlEA,0.0713,0.8,0.535,9.48E-06,0.213,-6.684,0.135,92.027,0.451,76
349,Getaway Car,reputation,9,0VE4kBnHJUgtMf0dy6DRmW,spotify:track:0VE4kBnHJUgtMf0dy6DRmW,0.00465,0.562,0.689,2.23E-06,0.0888,-6.745,0.127,172.054,0.351,79
350,King Of My Heart,reputation,10,7HuBDWi18s4aJM8UFnNheH,spotify:track:7HuBDWi18s4aJM8UFnNheH,0.00882,0.675,0.703,2.21E-06,0.0391,-7.902,0.0382,110.01,0.314,72
351,Dancing With Our Hands Tied,reputation,11,7I7JbDv63ZJJsSi24DyJrz,spotify:track:7I7JbDv63ZJJsSi24DyJrz,0.0604,0.624,0.691,1.10E-05,0.138,-6.686,0.196,160.024,0.284,72
352,Dress,reputation,12,6oVxXO5oQ4pTpO8RSnkzvv,spotify:track:6oVxXO5oQ4pTpO8RSnkzvv,0.0329,0.719,0.469,0,0.169,-8.792,0.0533,120.085,0.0851,75
353,This Is Why We Can't Have Nice Things,reputation,13,07NxDD1iKCHbAldceD7QLP,spotify:track:07NxDD1iKCHbAldceD7QLP,0.0156,0.567,0.789,0,0.382,-5.986,0.115,163.96,0.438,70
354,Call It What You Want,reputation,14,1GwMQaZz6Au3QLDbjbMdme,spotify:track:1GwMQaZz6Au3QLDbjbMdme,0.186,0.598,0.504,0.000221,0.34,-9.874,0.0731,163.954,0.252,75
355,New Year’s Day,reputation,15,7F5oktn5YOsR9eR5YsFtqb,spotify:track:7F5oktn5YOsR9eR5YsFtqb,0.921,0.661,0.151,0,0.13,-12.864,0.0354,94.922,0.23,70
356,All Too Well,reputation Stadium Tour Surprise Song Playlist,1,00vJzaoxM3Eja1doBUhX0P,spotify:track:00vJzaoxM3Eja1doBUhX0P,0.0448,0.463,0.605,0.000334,0.128,-7.803,0.0293,186.113,0.317,35
357,Wildest Dreams,reputation Stadium Tour Surprise Song Playlist,2,22C0JIVhFaczZ4t9heqREN,spotify:track:22C0JIVhFaczZ4t9heqREN,0.0703,0.55,0.688,0.00138,0.106,-7.416,0.0904,139.998,0.461,38
358,The Best Day,reputation Stadium Tour Surprise Song Playlist,3,7APTsjmZbj7TFXQJAiRti4,spotify:track:7APTsjmZbj7TFXQJAiRti4,0.638,0.668,0.448,4.10E-06,0.158,-8.567,0.0285,126.066,0.386,30
359,Red,reputation Stadium Tour Surprise Song Playlist,4,4V9NuhKQcUFt4cgbynHV79,spotify:track:4V9NuhKQcUFt4cgbynHV79,0.0779,0.605,0.899,0.000124,0.0911,-4.273,0.0423,124.982,0.647,33
360,Holy Ground,reputation Stadium Tour Surprise Song Playlist,5,4hCZk6WJBFQeG3P7WsyntI,spotify:track:4hCZk6WJBFQeG3P7WsyntI,0.0159,0.627,0.816,0.0022,0.0965,-6.698,0.0774,157.043,0.648,29
361,Teardrops On My Guitar - Radio Single Remix,reputation Stadium Tour Surprise Song Playlist,6,7eGeUVeCEvEQrivmjl9Qn3,spotify:track:7eGeUVeCEvEQrivmjl9Qn3,0.315,0.626,0.427,0,0.138,-6.993,0.0234,99.962,0.265,32
362,Our Song,reputation Stadium Tour Surprise Song Playlist,7,7qGr3rjRhndRIpFUA5f2HJ,spotify:track:7qGr3rjRhndRIpFUA5f2HJ,0.114,0.545,0.663,0,0.321,-5.05,0.0363,178.016,0.565,36
363,22,reputation Stadium Tour Surprise Song Playlist,8,2P5gfMtCcKP0CkmgqFMyPg,spotify:track:2P5gfMtCcKP0CkmgqFMyPg,0.00254,0.66,0.732,0.00146,0.0473,-6.565,0.0379,104.009,0.677,35
364,I Knew You Were Trouble.,reputation Stadium Tour Surprise Song Playlist,9,2o2IVjuqRkR9hJxtPjtAP0,spotify:track:2o2IVjuqRkR9hJxtPjtAP0,0.00476,0.536,0.464,2.74E-06,0.0358,-6.761,0.0412,77.318,0.666,36
365,I Don’t Wanna Live Forever (Fifty Shades Darker),reputation Stadium Tour Surprise Song Playlist,10,55n9yjI6qqXh5F2mYvUc2y,spotify:track:55n9yjI6qqXh5F2mYvUc2y,0.059,0.73,0.444,1.80E-05,0.14,-8.418,0.0538,117.979,0.106,79
366,Mean,reputation Stadium Tour Surprise Song Playlist,11,5rcHBt2aNcGFWW0jaAUe1L,spotify:track:5rcHBt2aNcGFWW0jaAUe1L,0.449,0.576,0.755,0,0.223,-3.982,0.0427,163.884,0.791,32
367,How You Get The Girl,reputation Stadium Tour Surprise Song Playlist,12,3aSYZ4upQ6OSNos26YeVWL,spotify:track:3aSYZ4upQ6OSNos26YeVWL,0.00363,0.764,0.657,0.00899,0.0918,-6.112,0.0503,119.995,0.546,31
369,Fifteen,reputation Stadium Tour Surprise Song Playlist,14,0H2UD0LfSCiRr59YMGlCuS,spotify:track:0H2UD0LfSCiRr59YMGlCuS,0.07,0.549,0.63,0,0.138,-4.436,0.027,95.124,0.217,29
370,Mine,reputation Stadium Tour Surprise Song Playlist,15,6FmJKLpyCt42nP2IOVEVc2,spotify:track:6FmJKLpyCt42nP2IOVEVc2,0.00311,0.622,0.781,3.10E-06,0.187,-2.945,0.0302,121.029,0.662,37
371,Sparks Fly,reputation Stadium Tour Surprise Song Playlist,16,5h2sBwpUSAndjObfU3ti2r,spotify:track:5h2sBwpUSAndjObfU3ti2r,0.041,0.61,0.782,0,0.16,-2.98,0.0309,114.974,0.399,31
372,State Of Grace,reputation Stadium Tour Surprise Song Playlist,17,0YRGTdfmJPALpglAaraYUr,spotify:track:0YRGTdfmJPALpglAaraYUr,0.000182,0.591,0.828,0.00115,0.0879,-5.895,0.0333,129.958,0.383,28
373,Haunted,reputation Stadium Tour Surprise Song Playlist,18,6CB7DczrX9ZJB9Wkjegmaq,spotify:track:6CB7DczrX9ZJB9Wkjegmaq,0.0655,0.43,0.948,0,0.0612,-2.622,0.0605,162.026,0.371,30
374,Never Grow Up,reputation Stadium Tour Surprise Song Playlist,19,1UPDfqsVIZLEiZeMuUsni2,spotify:track:1UPDfqsVIZLEiZeMuUsni2,0.824,0.714,0.309,0,0.136,-8.828,0.0302,124.892,0.546,28
375,Treacherous,reputation Stadium Tour Surprise Song Playlist,20,0r3U7SOcoj4DIEyN44Lt5z,spotify:track:0r3U7SOcoj4DIEyN44Lt5z,0.101,0.704,0.621,4.30E-06,0.14,-8.086,0.0334,109.996,0.395,27
376,Babe,reputation Stadium Tour Surprise Song Playlist,21,40PXEOFLJc7UIpLMrhSfW1,spotify:track:40PXEOFLJc7UIpLMrhSfW1,0.0221,0.577,0.785,0,0.125,-3.266,0.102,171.78,0.647,29
377,Welcome To New York,reputation Stadium Tour Surprise Song Playlist,22,3YLA3NgzFRRa7LiHMtFPby,spotify:track:3YLA3NgzFRRa7LiHMtFPby,0.0348,0.789,0.634,1.69E-06,0.302,-4.762,0.0323,117,0.658,31
378,Fearless,reputation Stadium Tour Surprise Song Playlist,23,43sE2O3skbGBpT2tO6fzv9,spotify:track:43sE2O3skbGBpT2tO6fzv9,0.0381,0.603,0.717,0,0.307,-4.401,0.0272,100.163,0.429,29
379,Enchanted,reputation Stadium Tour Surprise Song Playlist,24,5lg33MHs1BoUtJVClw8ZpI,spotify:track:5lg33MHs1BoUtJVClw8ZpI,0.0707,0.536,0.629,0.00117,0.158,-3.907,0.0275,81.963,0.222,40
380,Change,reputation Stadium Tour Surprise Song Playlist,25,5PSOWHll3h3Vy226xSJk0M,spotify:track:5PSOWHll3h3Vy226xSJk0M,0.00418,0.543,0.764,0,0.111,-4.206,0.0377,95.999,0.233,26
381,Ours,reputation Stadium Tour Surprise Song Playlist,26,0V3SNHDka1JSCP71HAzpxw,spotify:track:0V3SNHDka1JSCP71HAzpxw,0.469,0.609,0.56,0,0.087,-7.392,0.0279,159.838,0.228,30
382,Out Of The Woods,reputation Stadium Tour Surprise Song Playlist,27,0GmfiNHSgkKamYgQEMYOH3,spotify:track:0GmfiNHSgkKamYgQEMYOH3,0.000743,0.553,0.841,1.07E-05,0.341,-6.937,0.0397,91.999,0.339,32
383,Come Back...Be Here,reputation Stadium Tour Surprise Song Playlist,28,5hiqtrACtMJkNpaNHj0n9Z,spotify:track:5hiqtrACtMJkNpaNHj0n9Z,0.00471,0.486,0.548,2.06E-06,0.0997,-6.291,0.0256,79.873,0.22,28
384,A Place in this World,reputation Stadium Tour Surprise Song Playlist,29,2RSYYe7LhKFxIi50T5XtUo,spotify:track:2RSYYe7LhKFxIi50T5XtUo,0.0576,0.573,0.767,0,0.327,-2.929,0.0323,114.985,0.438,27
385,This Love,reputation Stadium Tour Surprise Song Playlist,30,64KRxmbqypPBlya4nxFmDn,spotify:track:64KRxmbqypPBlya4nxFmDn,0.679,0.48,0.435,0,0.0928,-8.795,0.0319,143.942,0.108,28
386,The Lucky One,reputation Stadium Tour Surprise Song Playlist,31,24ksPWXKg1k7OOG57pufED,spotify:track:24ksPWXKg1k7OOG57pufED,0.0352,0.706,0.505,0,0.13,-7.639,0.0358,117.935,0.561,26
387,Invisible,reputation Stadium Tour Surprise Song Playlist,32,0kqC185OTcnuhbz4T7g5RB,spotify:track:0kqC185OTcnuhbz4T7g5RB,0.56,0.608,0.384,0,0.165,-5.732,0.0246,95.963,0.217,27
388,Breathe,reputation Stadium Tour Surprise Song Playlist,33,3oxgFdIlxFEDEJqn7k5TVN,spotify:track:3oxgFdIlxFEDEJqn7k5TVN,0.416,0.442,0.48,0,0.129,-7.405,0.0281,73.849,0.167,31
389,Better Man,reputation Stadium Tour Surprise Song Playlist,34,3EXetjrGgwIjDRNn6YA8sa,spotify:track:3EXetjrGgwIjDRNn6YA8sa,0.121,0.503,0.844,0,0.0974,-3.648,0.0379,143.941,0.508,30
390,Jump Then Fall,reputation Stadium Tour Surprise Song Playlist,35,5zytSTR2g0I9psX2Z12ex6,spotify:track:5zytSTR2g0I9psX2Z12ex6,0.113,0.617,0.699,0,0.074,-5.712,0.0271,79.979,0.827,26
391,Begin Again,reputation Stadium Tour Surprise Song Playlist,36,2G679wnKfyhUOeNx910OXg,spotify:track:2G679wnKfyhUOeNx910OXg,0.197,0.516,0.526,3.49E-06,0.14,-8.349,0.0269,78.985,0.312,27
392,Tied Together with a Smile,reputation Stadium Tour Surprise Song Playlist,37,4qNEi8zGIYLiMtoW8OaJdx,spotify:track:4qNEi8zGIYLiMtoW8OaJdx,0.523,0.478,0.547,0,0.0728,-4.948,0.0275,146.134,0.238,27
393,The Story Of Us,reputation Stadium Tour Surprise Song Playlist,38,2fF3QzbGCrtrDXIdWcg1mv,spotify:track:2fF3QzbGCrtrDXIdWcg1mv,0.00556,0.547,0.807,0.000318,0.0588,-3.63,0.0398,139.911,0.645,28
394,Forever & Always,reputation Stadium Tour Surprise Song Playlist,39,0QCS4NpURHvWdF1icdkfBw,spotify:track:0QCS4NpURHvWdF1icdkfBw,0.0805,0.607,0.829,0,0.207,-5.02,0.0587,128.055,0.521,26
395,Hey Stephen,reputation Stadium Tour Surprise Song Playlist,40,0TYJbIHBtmWy9ugtU9BcbE,spotify:track:0TYJbIHBtmWy9ugtU9BcbE,0.191,0.843,0.541,1.93E-06,0.108,-7.361,0.0318,116.002,0.839,26
396,Speak Now,reputation Stadium Tour Surprise Song Playlist,41,1XLc4irbX7oQSneh6gWv3O,spotify:track:1XLc4irbX7oQSneh6gWv3O,0.0991,0.712,0.603,0,0.102,-3.753,0.0304,118.979,0.714,28
397,Wonderland,reputation Stadium Tour Surprise Song Playlist,42,0eTCaVOYLpJlSkbEi2jay4,spotify:track:0eTCaVOYLpJlSkbEi2jay4,0.0493,0.422,0.692,2.57E-05,0.177,-5.447,0.0549,184.019,0.197,30
398,White Horse,reputation Stadium Tour Surprise Song Playlist,43,4RMfSYDFkcz0bKoK8fHDgR,spotify:track:4RMfSYDFkcz0bKoK8fHDgR,0.311,0.578,0.348,0,0.1,-8.066,0.0257,92.671,0.218,28
399,I'm Only Me When I'm With You,reputation Stadium Tour Surprise Song Playlist,44,6Py8IKZqDyU8aQVrjilbJw,spotify:track:6Py8IKZqDyU8aQVrjilbJw,0.00454,0.556,0.933,0.000462,0.101,-3.685,0.0719,143.929,0.521,28
400,Starlight,reputation Stadium Tour Surprise Song Playlist,45,7txpzmA69zyk50K3ZyZSzC,spotify:track:7txpzmA69zyk50K3ZyZSzC,0.0186,0.649,0.779,0.000474,0.234,-5.798,0.0391,126.014,0.617,27
401,I Know Places,reputation Stadium Tour Surprise Song Playlist,46,3qGLcmO0XnnrcpAQGZwTvA,spotify:track:3qGLcmO0XnnrcpAQGZwTvA,0.243,0.603,0.755,0,0.178,-4.991,0.0709,159.971,0.496,28
403,Blank Space,1989 (Deluxe),2,1u8c2t2Cy7UBoG4ArRcF5g,spotify:track:1u8c2t2Cy7UBoG4ArRcF5g,0.103,0.76,0.703,0,0.0913,-5.412,0.054,95.997,0.57,81
404,Style,1989 (Deluxe),3,0ug5NqcwcFR2xrfTkc7k8e,spotify:track:0ug5NqcwcFR2xrfTkc7k8e,0.00245,0.588,0.791,0.00258,0.118,-5.595,0.0402,94.933,0.487,79
406,All You Had To Do Was Stay,1989 (Deluxe),5,6aLOekfwbytwWvQftxTEF0,spotify:track:6aLOekfwbytwWvQftxTEF0,0.00201,0.605,0.725,2.02E-05,0.101,-5.729,0.0323,96.97,0.539,47
407,Shake It Off,1989 (Deluxe),6,0cqRj7pUJDkTCEsJkx8snD,spotify:track:0cqRj7pUJDkTCEsJkx8snD,0.0647,0.647,0.8,0,0.334,-5.384,0.165,160.078,0.942,80
408,I Wish You Would,1989 (Deluxe),7,5gRYrtvyVyaCRvLt56OfuV,spotify:track:5gRYrtvyVyaCRvLt56OfuV,0.0158,0.653,0.893,4.95E-05,0.102,-5.966,0.0538,118.035,0.513,51
409,Bad Blood,1989 (Deluxe),8,2NlmmAjGYrrjAp0MED5rGx,spotify:track:2NlmmAjGYrrjAp0MED5rGx,0.0885,0.646,0.794,6.16E-06,0.201,-6.104,0.19,170.216,0.287,52
414,Clean,1989 (Deluxe),13,1NmVZsG18CzCAtw7rnV3yA,spotify:track:1NmVZsG18CzCAtw7rnV3yA,0.232,0.815,0.377,0,0.1,-7.754,0.0346,103.97,0.211,55
416,You Are In Love,1989 (Deluxe),15,2KrOAg6FftbjgSKdd2a4rS,spotify:track:2KrOAg6FftbjgSKdd2a4rS,0.707,0.474,0.48,0.000108,0.0903,-8.894,0.0622,170.109,0.319,55
417,New Romantics,1989 (Deluxe),16,0qAIiGFKLdV1xpNlEhjpq8,spotify:track:0qAIiGFKLdV1xpNlEhjpq8,0.00463,0.633,0.889,0.000458,0.0658,-5.87,0.0715,121.956,0.584,62
418,I Know Places - Voice Memo,1989 (Deluxe),17,4FoV729rw7IhoKlMZW5K5V,spotify:track:4FoV729rw7IhoKlMZW5K5V,0.829,0.592,0.128,0,0.527,-17.932,0.589,78.828,0.15,0
419,I Wish You Would - Voice Memo,1989 (Deluxe),18,4eTXfpHxhxVofrBUjAhPMg,spotify:track:4eTXfpHxhxVofrBUjAhPMg,0.717,0.781,0.357,0,0.185,-16.394,0.912,118.317,0.645,0
420,Blank Space - Voice Memo,1989 (Deluxe),19,4e6QU4gpfZj9xxcK856RgG,spotify:track:4e6QU4gpfZj9xxcK856RgG,0.801,0.675,0.234,0,0.657,-15.064,0.721,127.296,0.578,0
440,I Almost Do,Red (Deluxe Edition),7,1eyqSYBCTane4rl4vc6PWJ,spotify:track:1eyqSYBCTane4rl4vc6PWJ,0.0173,0.567,0.481,4.13E-05,0.182,-7.357,0.027,145.865,0.233,43
441,We Are Never Ever Getting Back Together,Red (Deluxe Edition),8,6kISMRfweKSvgHR0urMQFG,spotify:track:6kISMRfweKSvgHR0urMQFG,0.00957,0.628,0.676,2.65E-05,0.121,-5.911,0.0916,85.984,0.75,59
442,Stay Stay Stay,Red (Deluxe Edition),9,0F2S1QlnMaOfmNHIgmES3k,spotify:track:0F2S1QlnMaOfmNHIgmES3k,0.307,0.729,0.748,1.29E-06,0.0962,-6.67,0.0245,99.981,0.928,43
443,The Last Time,Red (Deluxe Edition),10,2Tz4JnXZOcjcp8fWfMjBBk,spotify:track:2Tz4JnXZOcjcp8fWfMjBBk,0.035,0.505,0.443,3.15E-06,0.0906,-7.039,0.0276,94.069,0.123,45
445,Sad Beautiful Tragic,Red (Deluxe Edition),12,70e9zuv2pJc7ON1OUAJ1zl,spotify:track:70e9zuv2pJc7ON1OUAJ1zl,0.632,0.624,0.34,0.0337,0.0805,-12.411,0.029,129.987,0.261,40
447,Everything Has Changed,Red (Deluxe Edition),14,5PjfMmF06QtxTPZBZHdhoZ,spotify:track:5PjfMmF06QtxTPZBZHdhoZ,0.36,0.624,0.458,3.89E-06,0.311,-6.755,0.0287,80.016,0.436,52
450,The Moment I Knew,Red (Deluxe Edition),17,4qTAwKJQ68gmnrnfPD3vlO,spotify:track:4qTAwKJQ68gmnrnfPD3vlO,0.187,0.619,0.506,1.47E-05,0.101,-7.327,0.0315,126.03,0.274,38
452,Girl At Home,Red (Deluxe Edition),19,6VFpuI0DDmbC5UyWZQ4IRY,spotify:track:6VFpuI0DDmbC5UyWZQ4IRY,0.272,0.733,0.59,0,0.134,-5.86,0.0284,125.048,0.633,37
453,Treacherous - Original Demo Recording,Red (Deluxe Edition),20,7skiELMb9SiQCcBpsExIJf,spotify:track:7skiELMb9SiQCcBpsExIJf,0.175,0.828,0.64,6.14E-05,0.0991,-8.248,0.0355,109.993,0.519,34
454,Red - Original Demo Recording,Red (Deluxe Edition),21,2OghnlGqZZsFzHjG0CSE9l,spotify:track:2OghnlGqZZsFzHjG0CSE9l,0.113,0.678,0.902,0.000235,0.0705,-4.659,0.0358,124.998,0.637,36
455,State Of Grace - Acoustic,Red (Deluxe Edition),22,5mfDBWY7ncZFm7ykmFTG4i,spotify:track:5mfDBWY7ncZFm7ykmFTG4i,0.664,0.626,0.118,0.000169,0.127,-15.91,0.0305,105.597,0.0682,37
472,Sparks Fly - Live/2011,Speak Now World Tour Live,1,1aBJNc2thaKyh5THWzIqHX,spotify:track:1aBJNc2thaKyh5THWzIqHX,0.00917,0.455,0.783,0,0.918,-5.184,0.0393,114.981,0.298,42
473,Mine - Live/2011,Speak Now World Tour Live,2,7yndkPYP6YQQLBpPsizDfh,spotify:track:7yndkPYP6YQQLBpPsizDfh,0.00233,0.496,0.852,0,0.554,-4.775,0.0373,120.969,0.442,40
474,The Story Of Us - Live,Speak Now World Tour Live,3,72GIZuUXo14oyrS0si3Rgc,spotify:track:72GIZuUXo14oyrS0si3Rgc,0.00048,0.419,0.908,0,0.815,-5.156,0.0651,139.813,0.472,40
475,Mean - Live/2011,Speak Now World Tour Live,4,7mFiEij8AXPUZB7aKLbUlQ,spotify:track:7mFiEij8AXPUZB7aKLbUlQ,0.154,0.429,0.915,0,0.693,-4.373,0.069,163.752,0.432,40
476,Ours - Live/2011,Speak Now World Tour Live,5,68QyrSzpnoU04AAhE5z8lj,spotify:track:68QyrSzpnoU04AAhE5z8lj,0.715,0.421,0.355,0,0.867,-10.21,0.0298,77.769,0.267,39
477,Back To December/Apologize/You're Not Sorry - Live/2011/Medley,Speak Now World Tour Live,6,1IsquhJFJ0qcFZI7FeAEuN,spotify:track:1IsquhJFJ0qcFZI7FeAEuN,0.155,0.374,0.516,0,0.795,-8.745,0.0294,142.057,0.171,47
478,Better Than Revenge - Live/2011,Speak Now World Tour Live,7,6505MLhnqTDDg4tjoUz2Wp,spotify:track:6505MLhnqTDDg4tjoUz2Wp,0.00306,0.445,0.887,2.67E-05,0.931,-5.629,0.0768,145.954,0.386,41
479,Speak Now - Live/2011,Speak Now World Tour Live,8,3QFB14MOUf3imlyISNmrbT,spotify:track:3QFB14MOUf3imlyISNmrbT,0.0636,0.615,0.694,1.28E-06,0.83,-5.251,0.0318,118.876,0.373,40
480,Last Kiss - Live/2011,Speak Now World Tour Live,9,6hH37tyeRdyan1mAppmVor,spotify:track:6hH37tyeRdyan1mAppmVor,0.205,0.427,0.395,8.73E-06,0.701,-12.551,0.0291,79.517,0.188,40
481,Drops Of Jupiter - Live/2011,Speak Now World Tour Live,10,0BSmbCIY36iw04azzJ3S0S,spotify:track:0BSmbCIY36iw04azzJ3S0S,0.806,0.374,0.504,0,0.76,-8.407,0.0392,109.025,0.27,46
482,Bette Davis Eyes - Live/2011,Speak Now World Tour Live,11,6KF9xd2hBLuexrmBX4vUWD,spotify:track:6KF9xd2hBLuexrmBX4vUWD,0.713,0.327,0.488,0,0.837,-9.287,0.0322,104.46,0.363,42
483,I Want You Back - Live/2011,Speak Now World Tour Live,12,4KB3zBArZ1rHRExilzycaV,spotify:track:4KB3zBArZ1rHRExilzycaV,0.794,0.536,0.512,0.000122,0.497,-6.794,0.0341,97.397,0.249,40
484,Dear John - Live/2011,Speak Now World Tour Live,13,4DbI1rr4IQ2bc8nejy9ttd,spotify:track:4DbI1rr4IQ2bc8nejy9ttd,0.0157,0.521,0.386,0,0.884,-8.784,0.0301,119.518,0.138,40
485,Enchanted - Live/2011,Speak Now World Tour Live,14,3lm4L3pPL32PFy74dR17OR,spotify:track:3lm4L3pPL32PFy74dR17OR,0.0747,0.34,0.663,2.34E-06,0.563,-5.597,0.0331,163.678,0.214,42
486,Haunted - Live/2011,Speak Now World Tour Live,15,6znB7YZhMJT2B83zfbiyLq,spotify:track:6znB7YZhMJT2B83zfbiyLq,0.0245,0.338,0.818,0,0.889,-7.495,0.0496,162.157,0.177,41
487,Long Live - Live/2011,Speak Now World Tour Live,16,5QkzyLUb4ggojNDp8G2OxX,spotify:track:5QkzyLUb4ggojNDp8G2OxX,0.0053,0.544,0.728,0,0.865,-5.838,0.0282,101.939,0.204,41
488,Mine - POP Mix,Speak Now,1,0GxW5K0qzrq7L1jwSY5OmY,spotify:track:0GxW5K0qzrq7L1jwSY5OmY,0.00461,0.696,0.768,1.21E-06,0.101,-3.863,0.0308,121.05,0.692,42
490,Back To December,Speak Now,3,5l6GqSxplqnZbLg0LTPQeG,spotify:track:5l6GqSxplqnZbLg0LTPQeG,0.0202,0.517,0.606,0,0.324,-5.797,0.0289,141.929,0.296,62
492,Dear John,Speak Now,5,3K2es3gElMRJ3qvmPW442g,spotify:track:3K2es3gElMRJ3qvmPW442g,0.183,0.583,0.468,1.65E-06,0.111,-5.378,0.0278,119.375,0.126,46
497,Better Than Revenge,Speak Now,10,0PWgAyoxsjwGRuFSO0fyya,spotify:track:0PWgAyoxsjwGRuFSO0fyya,0.0167,0.519,0.917,2.06E-05,0.359,-3.185,0.0887,145.882,0.652,54
498,Innocent,Speak Now,11,0mTgFzkDgSAF3nJY25XCXG,spotify:track:0mTgFzkDgSAF3nJY25XCXG,0.202,0.553,0.604,0,0.125,-5.295,0.0258,133.989,0.186,38
500,Last Kiss,Speak Now,13,4EUQXLipplO2v9mVaqQtjc,spotify:track:4EUQXLipplO2v9mVaqQtjc,0.581,0.359,0.329,3.75E-05,0.0979,-9.531,0.0293,84.358,0.208,49
501,Long Live,Speak Now,14,4ewAfHYpDTzpW1GKO44CVP,spotify:track:4ewAfHYpDTzpW1GKO44CVP,0.0426,0.412,0.682,7.47E-05,0.106,-4.319,0.0339,203.959,0.146,51
517,If This Was A Movie,Speak Now (Deluxe Package),16,5tSmAABuoOfR59lrtXdDqm,spotify:track:5tSmAABuoOfR59lrtXdDqm,0.154,0.515,0.724,4.05E-06,0.269,-3.498,0.0267,147.788,0.257,45
518,Superman,Speak Now (Deluxe Package),17,6aJ0ipi4EPmu1aTbFeXZnw,spotify:track:6aJ0ipi4EPmu1aTbFeXZnw,0.0187,0.582,0.817,1.94E-06,0.101,-3.718,0.0337,131.983,0.547,39
519,Back To December - Acoustic,Speak Now (Deluxe Package),18,7k7BOXE4u6luKTwcLEAyrd,spotify:track:7k7BOXE4u6luKTwcLEAyrd,0.731,0.541,0.451,0,0.197,-6.522,0.027,141.713,0.333,49
520,Haunted - Acoustic Version,Speak Now (Deluxe Package),19,6SdBf0ZsJZoKaH5zcDaz9X,spotify:track:6SdBf0ZsJZoKaH5zcDaz9X,0.841,0.574,0.462,0,0.28,-5.124,0.0252,80.858,0.314,44
525,Untouchable,Fearless (Platinum Edition),2,6ovFJkdau79DuXEvQjPaNH,spotify:track:6ovFJkdau79DuXEvQjPaNH,0.0583,0.419,0.454,3.78E-06,0.0974,-6.809,0.0335,200.017,0.288,43
526,Forever & Always - Piano Version,Fearless (Platinum Edition),3,13MAWVUSkbGMUi6I7RowRK,spotify:track:13MAWVUSkbGMUi6I7RowRK,0.852,0.592,0.16,0,0.116,-10.785,0.0347,118.929,0.294,41
527,Come In With The Rain,Fearless (Platinum Edition),4,0cEG04R5cldkTLzK6phlcn,spotify:track:0cEG04R5cldkTLzK6phlcn,0.0961,0.527,0.461,2.47E-06,0.24,-6.172,0.0256,143.94,0.23,39
528,SuperStar,Fearless (Platinum Edition),5,0XfTh16YcKPzdxMPTeKTAq,spotify:track:0XfTh16YcKPzdxMPTeKTAq,0.367,0.61,0.531,0,0.351,-6.123,0.0239,85.979,0.228,38
529,The Other Side Of The Door,Fearless (Platinum Edition),6,1yDJcXc549N6AabNBzFAku,spotify:track:1yDJcXc549N6AabNBzFAku,0.169,0.476,0.816,0,0.238,-4.279,0.0347,163.847,0.469,39
532,Love Story,Fearless (Platinum Edition),9,5hnJCRSo4pxRsaEwT9YusG,spotify:track:5hnJCRSo4pxRsaEwT9YusG,0.157,0.618,0.736,0,0.073,-3.937,0.0308,118.982,0.307,56
535,You Belong With Me,Fearless (Platinum Edition),12,4kgTdThcDHfuDS2kKxB7Lc,spotify:track:4kgTdThcDHfuDS2kKxB7Lc,0.164,0.687,0.771,2.46E-05,0.112,-4.424,0.0384,129.964,0.445,57
537,Tell Me Why,Fearless (Platinum Edition),14,4x7Gxk2GfwZJcqpoVT1PbR,spotify:track:4x7Gxk2GfwZJcqpoVT1PbR,0.0606,0.601,0.852,3.41E-06,0.37,-3.096,0.0386,100.015,0.513,40
538,You're Not Sorry,Fearless (Platinum Edition),15,3JhvYnOfKLJuWC7jEU0GmJ,spotify:track:3JhvYnOfKLJuWC7jEU0GmJ,0.13,0.459,0.459,2.30E-06,0.113,-4.126,0.0275,134.018,0.281,42
539,The Way I Loved You,Fearless (Platinum Edition),16,4pEZUytwBzha5Un6m3SCFf,spotify:track:4pEZUytwBzha5Un6m3SCFf,0.0322,0.436,0.712,0,0.111,-3.689,0.0329,160.886,0.379,48
556,Our Song - International Mix,Fearless (International Version),14,5Ct2PYPUSogyWvbV40k9Bf,spotify:track:5Ct2PYPUSogyWvbV40k9Bf,0.00739,0.516,0.696,1.11E-06,0.354,-4.833,0.0301,177.936,0.664,31
557,Teardrops On My Guitar - International Mix,Fearless (International Version),15,2RM02ladxD5mgdrlAwh3h9,spotify:track:2RM02ladxD5mgdrlAwh3h9,0.0178,0.514,0.557,0.00755,0.114,-6.307,0.0264,99.974,0.152,34
558,Should've Said No - International Mix,Fearless (International Version),16,2gwvtlwlKhvkfjz7Fcb6Yk,spotify:track:2gwvtlwlKhvkfjz7Fcb6Yk,0.00505,0.398,0.761,0.000437,0.234,-4.382,0.0377,168.092,0.454,29
559,Love Story - Live From Clear Channel Stripped 2008,Live From Clear Channel Stripped 2008,1,4RBKAqJ3qyvvriDG0s9IJ3,spotify:track:4RBKAqJ3qyvvriDG0s9IJ3,0.659,0.741,0.444,0,0.131,-7.031,0.0311,119.006,0.512,35
560,Fearless - Live From Clear Channel Stripped 2008,Live From Clear Channel Stripped 2008,2,5g7RMU3cV7zXWH244BLe7G,spotify:track:5g7RMU3cV7zXWH244BLe7G,0.814,0.623,0.266,0,0.145,-5.894,0.026,96.601,0.467,35
561,Beautiful Eyes - Live From Clear Channel Stripped 2008,Live From Clear Channel Stripped 2008,3,4aBW31cmkA7BLColUsMEeZ,spotify:track:4aBW31cmkA7BLColUsMEeZ,0.596,0.627,0.704,0,0.0598,-3.739,0.0269,98.958,0.457,38
562,Untouchable - Live From Clear Channel Stripped 2008,Live From Clear Channel Stripped 2008,4,4MbHDiHQjhmoVAV75G04Ql,spotify:track:4MbHDiHQjhmoVAV75G04Ql,0.856,0.731,0.184,0,0.0927,-9.235,0.0418,102.404,0.331,32
563,Teardrops On My Guitar - Live From Clear Channel Stripped 2008,Live From Clear Channel Stripped 2008,5,4DjevQhsPWULcondN4mRh5,spotify:track:4DjevQhsPWULcondN4mRh5,0.664,0.344,0.801,0,0.106,-5.373,0.0574,204.489,0.615,30
564,Picture To Burn - Live From Clear Channel Stripped 2008,Live From Clear Channel Stripped 2008,6,7EvU9pRoJ9Xs7anx0P7tEc,spotify:track:7EvU9pRoJ9Xs7anx0P7tEc,0.266,0.647,0.872,0,0.419,-1.953,0.0524,105.798,0.684,30
565,Should've Said No - Live From Clear Channel Stripped 2008,Live From Clear Channel Stripped 2008,7,5a9hUL6ZuiagZhazwrtwHF,spotify:track:5a9hUL6ZuiagZhazwrtwHF,0.399,0.429,0.808,0,0.0884,-3.004,0.0677,171.537,0.438,30
566,Change - Live From Clear Channel Stripped 2008,Live From Clear Channel Stripped 2008,8,69o9kr9UexjzeZDE8yD8dQ,spotify:track:69o9kr9UexjzeZDE8yD8dQ,0.156,0.243,0.712,0,0.111,-4.307,0.0577,202.319,0.273,28
567,Tim McGraw,Taylor Swift (Deluxe Edition),1,2Fn01AIMyHbha2ceNQeOqw,spotify:track:2Fn01AIMyHbha2ceNQeOqw,0.575,0.58,0.491,0,0.121,-6.462,0.0251,76.009,0.425,56
568,Picture To Burn,Taylor Swift (Deluxe Edition),2,4BYejINgfZF0qKDMEH2cim,spotify:track:4BYejINgfZF0qKDMEH2cim,0.173,0.658,0.877,0,0.0962,-2.098,0.0323,105.586,0.821,61
571,Cold As You,Taylor Swift (Deluxe Edition),5,569sXXQ7t0jSdqHooi2yqs,spotify:track:569sXXQ7t0jSdqHooi2yqs,0.217,0.418,0.482,0,0.123,-5.769,0.0266,175.558,0.261,55
572,The Outside,Taylor Swift (Deluxe Edition),6,5Tj2MqcFMf60CaGsKbM1aq,spotify:track:5Tj2MqcFMf60CaGsKbM1aq,0.00491,0.589,0.805,0,0.24,-4.055,0.0293,112.982,0.591,54
574,Stay Beautiful,Taylor Swift (Deluxe Edition),8,41sjzdjScVwnxnxADElts6,spotify:track:41sjzdjScVwnxnxADElts6,0.0868,0.594,0.629,0,0.137,-4.919,0.0246,131.597,0.504,53
575,Should've Said No,Taylor Swift (Deluxe Edition),9,6CdaXOq1MWe2JHDalTG01d,spotify:track:6CdaXOq1MWe2JHDalTG01d,0.0103,0.476,0.777,0,0.196,-3.771,0.0289,167.964,0.472,60
576,Mary's Song (Oh My My My),Taylor Swift (Deluxe Edition),10,2O8sogKJCfVZ4rotBv1vVF,spotify:track:2O8sogKJCfVZ4rotBv1vVF,0.0177,0.403,0.627,0,0.182,-5.28,0.0292,74.9,0.374,57
580,A Perfectly Good Heart,Taylor Swift (Deluxe Edition),14,0YgHuReCSPwTXYny7isLja,spotify:track:0YgHuReCSPwTXYny7isLja,0.00349,0.483,0.751,0,0.128,-5.726,0.0365,156.092,0.268,53
581,Teardrops on My Guitar - Pop Version,Taylor Swift (Deluxe Edition),15,1hxLyjC9D9Jpw6EAPKqWv4,spotify:track:1hxLyjC9D9Jpw6EAPKqWv4,0.0402,0.459,0.753,0,0.0863,-3.827,0.0537,199.997,0.483,55
